ID,REPL,TIME,EVID,DV,RIF,INH,EMB,PZA,SM,PAS,EXPR,PH,THRP,LOQ,AGR,NDV,EVIDLQ,NATG,IDEXPR,PLOT
1,1,0,0,13.19,0,0,0,0,0,0,1,7,1,0,0,532852.5376,0,1,1,1
1,1,1,0,13.51,.,.,.,.,.,.,1,7,1,0,0,735275.1045,0,1,1,1
1,1,2,0,14.05,.,.,.,.,.,.,1,7,1,0,0,1262999.493,0,1,1,1
1,1,3,0,14.73,.,.,.,.,.,.,1,7,1,0,0,2493006.575,0,1,1,1
1,1,6,2,17.03,.,.,.,.,.,.,1,7,1,0,0,24915483.61,2,1,1,1
2,1,0,0,13.19,0,0.01,0,0,0,0,1,7,1,0,0,532852.5376,0,0,2,2
2,1,1,0,13.23,.,.,.,.,.,.,1,7,1,0,0,558494.4723,0,0,2,2
2,1,2,0,13.76,.,.,.,.,.,.,1,7,1,0,0,947895.9331,0,0,2,2
2,1,3,0,14.44,.,.,.,.,.,.,1,7,1,0,0,1859838.102,0,0,2,2
2,1,6,2,16.64,.,.,.,.,.,.,1,7,1,0,0,16768287.3,2,0,2,2
3,1,0,0,13.19,0,0.039,0,0,0,0,1,7,1,0,0,532852.5376,0,0,3,3
3,1,1,0,12.20,.,.,.,.,.,.,1,7,1,0,0,198391.9702,0,0,3,3
3,1,2,0,12.39,.,.,.,.,.,.,1,7,1,0,0,239905.4101,0,0,3,3
3,1,3,0,12.82,.,.,.,.,.,.,1,7,1,0,0,368427.7845,0,0,3,3
3,1,6,2,14.61,.,.,.,.,.,.,1,7,1,0,0,2215525.103,2,0,3,3
4,1,0,0,13.19,0,0.156,0,0,0,0,1,7,1,0,0,532852.5376,0,0,4,4
4,1,1,0,8.53,.,.,.,.,.,.,1,7,1,0,0,5066.978691,0,0,4,4
4,1,2,0,7.31,.,.,.,.,.,.,1,7,1,0,0,1495.177189,0,0,4,4
4,1,3,0,7.06,.,.,.,.,.,.,1,7,1,0,0,1167.009765,0,0,4,4
4,1,6,0,8.19,.,.,.,.,.,.,1,7,1,0,0,3602.920336,0,0,4,4
5,1,0,0,13.19,0,0.625,0,0,0,0,1,7,1,0,0,532852.5376,0,0,5,5
5,1,1,0,7.32,.,.,.,.,.,.,1,7,1,0,0,1505.077995,0,0,5,5
5,1,2,0,5.55,.,.,.,.,.,.,1,7,1,0,0,257.8298832,0,0,5,5
5,1,3,0,4.72,.,.,.,.,.,.,1,7,1,0,0,112.5502738,0,0,5,5
5,1,6,0,4.18,.,.,.,.,.,.,1,7,1,0,0,65.42470896,0,0,5,5
6,1,0,0,13.19,0,2.5,0,0,0,0,1,7,1,0,0,532852.5376,0,0,6,6
6,1,1,0,7.13,.,.,.,.,.,.,1,7,1,0,0,1248.252685,0,0,6,6
6,1,2,0,5.26,.,.,.,.,.,.,1,7,1,0,0,193.3302758,0,0,6,6
6,1,3,0,4.38,.,.,.,.,.,.,1,7,1,0,0,79.47162184,0,0,6,6
6,1,6,0,3.69,.,.,.,.,.,.,1,7,1,0,0,40.10897,0,0,6,6
7,1,0,0,13.19,0,10,0,0,0,0,1,7,1,0,0,532852.5376,0,0,7,7
7,1,1,0,6.97,.,.,.,.,.,.,1,7,1,0,0,1059.23264,0,0,7,7
7,1,2,0,4.83,.,.,.,.,.,.,1,7,1,0,0,125.0858123,0,0,7,7
7,1,3,0,3.73,.,.,.,.,.,.,1,7,1,0,0,41.71663625,0,0,7,7
7,1,6,0,2.86,.,.,.,.,.,.,1,7,1,0,0,17.37965032,0,0,7,7
8,1,0,0,13.19,0,40,0,0,0,0,1,7,1,0,0,532852.5376,0,0,8,8
8,1,1,0,6.47,.,.,.,.,.,.,1,7,1,0,0,645.6774011,0,0,8,8
8,1,2,0,3.20,.,.,.,.,.,.,1,7,1,0,0,24.53007707,0,0,8,8
8,1,3,0,1.60,.,.,.,.,.,.,1,7,1,0,0,4.96443751,0,0,8,8
8,1,6,0,1.38,.,.,.,.,.,.,1,7,1,0,0,3.966166456,0,0,8,8
9,2,0,0,13.19,0,0,0,0,0,0,1,7,1,0,0,532852.5376,0,1,9,1
9,2,1,0,13.51,.,.,.,.,.,.,1,7,1,0,0,735275.1045,0,1,9,1
9,2,2,0,14.05,.,.,.,.,.,.,1,7,1,0,0,1262999.493,0,1,9,1
9,2,3,0,14.73,.,.,.,.,.,.,1,7,1,0,0,2493006.575,0,1,9,1
9,2,6,2,17.03,.,.,.,.,.,.,1,7,1,0,0,24915483.61,2,1,9,1
10,2,0,0,13.19,0,0.01,0,0,0,0,1,7,1,0,0,532852.5376,0,0,10,2
10,2,1,0,13.23,.,.,.,.,.,.,1,7,1,0,0,558494.4723,0,0,10,2
10,2,2,0,13.76,.,.,.,.,.,.,1,7,1,0,0,947895.9331,0,0,10,2
10,2,3,0,14.44,.,.,.,.,.,.,1,7,1,0,0,1859838.102,0,0,10,2
10,2,6,2,16.64,.,.,.,.,.,.,1,7,1,0,0,16768287.3,2,0,10,2
11,2,0,0,13.19,0,0.039,0,0,0,0,1,7,1,0,0,532852.5376,0,0,11,3
11,2,1,0,12.20,.,.,.,.,.,.,1,7,1,0,0,198391.9702,0,0,11,3
11,2,2,0,12.39,.,.,.,.,.,.,1,7,1,0,0,239905.4101,0,0,11,3
11,2,3,0,12.82,.,.,.,.,.,.,1,7,1,0,0,368427.7845,0,0,11,3
11,2,6,0,14.61,.,.,.,.,.,.,1,7,1,0,0,2215525.103,0,0,11,3
12,2,0,0,13.19,0,0.156,0,0,0,0,1,7,1,0,0,532852.5376,0,0,12,4
12,2,1,0,8.53,.,.,.,.,.,.,1,7,1,0,0,5066.978691,0,0,12,4
12,2,2,0,7.31,.,.,.,.,.,.,1,7,1,0,0,1495.177189,0,0,12,4
12,2,3,0,7.06,.,.,.,.,.,.,1,7,1,0,0,1167.009765,0,0,12,4
12,2,6,0,8.19,.,.,.,.,.,.,1,7,1,0,0,3602.920336,0,0,12,4
13,2,0,0,13.19,0,0.625,0,0,0,0,1,7,1,0,0,532852.5376,0,0,13,5
13,2,1,0,7.32,.,.,.,.,.,.,1,7,1,0,0,1505.077995,0,0,13,5
13,2,2,0,5.55,.,.,.,.,.,.,1,7,1,0,0,257.8298832,0,0,13,5
13,2,3,0,4.72,.,.,.,.,.,.,1,7,1,0,0,112.5502738,0,0,13,5
13,2,6,0,4.18,.,.,.,.,.,.,1,7,1,0,0,65.42470896,0,0,13,5
14,2,0,0,13.19,0,2.5,0,0,0,0,1,7,1,0,0,532852.5376,0,0,14,6
14,2,1,2,7.13,.,.,.,.,.,.,1,7,1,0,0,1248.252685,2,0,14,6
14,2,2,0,5.26,.,.,.,.,.,.,1,7,1,0,0,193.3302758,0,0,14,6
14,2,3,0,4.38,.,.,.,.,.,.,1,7,1,0,0,79.47162184,0,0,14,6
14,2,6,0,3.69,.,.,.,.,.,.,1,7,1,0,0,40.10897,0,0,14,6
15,2,0,0,13.19,0,10,0,0,0,0,1,7,1,0,0,532852.5376,0,0,15,7
15,2,1,0,6.97,.,.,.,.,.,.,1,7,1,0,0,1059.23264,0,0,15,7
15,2,2,0,4.83,.,.,.,.,.,.,1,7,1,0,0,125.0858123,0,0,15,7
15,2,3,0,3.73,.,.,.,.,.,.,1,7,1,0,0,41.71663625,0,0,15,7
15,2,6,0,2.86,.,.,.,.,.,.,1,7,1,0,0,17.37965032,0,0,15,7
16,2,0,0,13.19,0,40,0,0,0,0,1,7,1,0,0,532852.5376,0,0,16,8
16,2,1,0,6.47,.,.,.,.,.,.,1,7,1,0,0,645.6774011,0,0,16,8
16,2,2,0,3.20,.,.,.,.,.,.,1,7,1,0,0,24.53007707,0,0,16,8
16,2,3,0,1.60,.,.,.,.,.,.,1,7,1,0,0,4.96443751,2,0,16,8
16,2,6,0,1.38,.,.,.,.,.,.,1,7,1,0,0,3.966166456,0,0,16,8
17,1,0,0,13.19,0,0,0,0,0,0,2,7,1,0,0,532852.5376,0,1,1,1
17,1,1,0,13.51,.,.,.,.,.,.,2,7,1,0,0,735275.1045,0,1,1,1
17,1,2,0,14.05,.,.,.,.,.,.,2,7,1,0,0,1262999.493,0,1,1,1
17,1,3,0,14.73,.,.,.,.,.,.,2,7,1,0,0,2493006.575,0,1,1,1
17,1,6,0,17.03,.,.,.,.,.,.,2,7,1,0,0,24915483.61,0,1,1,1
18,1,0,0,13.19,0.002,0,0,0,0,0,2,7,1,0,0,532852.5376,0,0,2,9
18,1,1,0,12.94,.,.,.,.,.,.,2,7,1,0,0,417901.0663,0,0,2,9
18,1,2,0,12.76,.,.,.,.,.,.,2,7,1,0,0,346625.4219,0,0,2,9
18,1,3,0,12.62,.,.,.,.,.,.,2,7,1,0,0,303155.1501,0,0,2,9
18,1,6,0,12.43,.,.,.,.,.,.,2,7,1,0,0,250947.7427,0,0,2,9
19,1,0,0,13.19,0.008,0,0,0,0,0,2,7,1,0,0,532852.5376,0,0,3,10
19,1,1,0,12.39,.,.,.,.,.,.,2,7,1,0,0,239186.7724,0,0,3,10
19,1,2,0,11.61,.,.,.,.,.,.,2,7,1,0,0,109974.0821,0,0,3,10
19,1,3,0,10.85,.,.,.,.,.,.,2,7,1,0,0,51740.70078,0,0,3,10
19,1,6,0,8.72,.,.,.,.,.,.,2,7,1,0,0,6116.222828,0,0,3,10
20,1,0,0,13.19,0.03,0,0,0,0,0,2,7,1,0,0,532852.5376,0,0,4,11
20,1,1,0,11.92,.,.,.,.,.,.,2,7,1,0,0,150843.7784,0,0,4,11
20,1,2,0,10.73,.,.,.,.,.,.,2,7,1,0,0,45524.23042,0,0,4,11
20,1,3,0,9.59,.,.,.,.,.,.,2,7,1,0,0,14544.96261,0,0,4,11
20,1,6,0,6.42,.,.,.,.,.,.,2,7,1,0,0,613.0827999,0,0,4,11
21,1,0,0,13.19,0.125,0,0,0,0,0,2,7,1,0,0,532852.5376,0,0,5,12
21,1,1,0,11.68,.,.,.,.,.,.,2,7,1,0,0,117948.1028,0,0,5,12
21,1,2,0,10.28,.,.,.,.,.,.,2,7,1,0,0,29202.21963,0,0,5,12
21,1,3,0,8.98,.,.,.,.,.,.,2,7,1,0,0,7922.008095,0,0,5,12
21,1,6,0,5.35,.,.,.,.,.,.,2,7,1,0,0,210.9666365,0,0,5,12
22,1,0,0,13.19,0.5,0,0,0,0,0,2,7,1,0,0,532852.5376,0,0,6,13
22,1,1,0,11.35,.,.,.,.,.,.,2,7,1,0,0,85135.55246,0,0,6,13
22,1,2,0,9.53,.,.,.,.,.,.,2,7,1,0,0,13816.24013,0,0,6,13
22,1,3,0,7.73,.,.,.,.,.,.,2,7,1,0,0,2279.474015,0,0,6,13
22,1,6,0,2.41,.,.,.,.,.,.,2,7,1,0,0,11.14844471,0,0,6,13
23,1,0,0,13.19,2,0,0,0,0,0,2,7,1,0,0,532852.5376,0,0,7,14
23,1,1,0,11.22,.,.,.,.,.,.,2,7,1,0,0,74757.13962,0,0,7,14
23,1,2,0,9.26,.,.,.,.,.,.,2,7,1,0,0,10489.18494,0,0,7,14
23,1,3,0,7.29,.,.,.,.,.,.,2,7,1,0,0,1471.739039,0,0,7,14
23,1,6,0,1.40,.,.,.,.,.,.,2,7,1,0,0,4.066570438,0,0,7,14
24,1,0,0,13.19,8,0,0,0,0,0,2,7,1,0,0,532852.5376,0,0,8,15
24,1,1,0,11.21,.,.,.,.,.,.,2,7,1,0,0,74161.46836,0,0,8,15
24,1,2,0,9.24,.,.,.,.,.,.,2,7,1,0,0,10311.34475,0,0,8,15
24,1,3,0,7.27,.,.,.,.,.,.,2,7,1,0,0,1434.25381,0,0,8,15
24,1,6,0,1.35,.,.,.,.,.,.,2,7,1,0,0,3.861671033,0,0,8,15
26,2,0,0,13.19,0.002,0,0,0,0,0,2,7,1,0,0,532852.5376,0,0,11,9
26,2,1,0,12.94,.,.,.,.,.,.,2,7,1,0,0,417901.0663,0,0,11,9
26,2,2,0,12.76,.,.,.,.,.,.,2,7,1,0,0,346625.4219,0,0,11,9
26,2,3,0,12.62,.,.,.,.,.,.,2,7,1,0,0,303155.1501,0,0,11,9
26,2,6,0,12.43,.,.,.,.,.,.,2,7,1,0,0,250947.7427,0,0,11,9
27,2,0,0,13.19,0.008,0,0,0,0,0,2,7,1,0,0,532852.5376,0,0,12,10
27,2,1,0,12.39,.,.,.,.,.,.,2,7,1,0,0,239186.7724,0,0,12,10
27,2,2,0,11.61,.,.,.,.,.,.,2,7,1,0,0,109974.0821,0,0,12,10
27,2,3,0,10.85,.,.,.,.,.,.,2,7,1,0,0,51740.70078,0,0,12,10
27,2,6,0,8.72,.,.,.,.,.,.,2,7,1,0,0,6116.222828,0,0,12,10
28,2,0,0,13.19,0.03,0,0,0,0,0,2,7,1,0,0,532852.5376,0,0,13,11
28,2,1,0,11.92,.,.,.,.,.,.,2,7,1,0,0,150843.7784,0,0,13,11
28,2,2,0,10.73,.,.,.,.,.,.,2,7,1,0,0,45524.23042,0,0,13,11
28,2,3,0,9.59,.,.,.,.,.,.,2,7,1,0,0,14544.96261,0,0,13,11
28,2,6,0,6.42,.,.,.,.,.,.,2,7,1,0,0,613.0827999,0,0,13,11
29,2,0,0,13.19,0.125,0,0,0,0,0,2,7,1,0,0,532852.5376,0,0,14,12
29,2,1,0,11.68,.,.,.,.,.,.,2,7,1,0,0,117948.1028,0,0,14,12
29,2,2,0,10.28,.,.,.,.,.,.,2,7,1,0,0,29202.21963,0,0,14,12
29,2,3,0,8.98,.,.,.,.,.,.,2,7,1,0,0,7922.008095,0,0,14,12
29,2,6,0,5.35,.,.,.,.,.,.,2,7,1,0,0,210.9666365,0,0,14,12
30,2,0,0,13.19,0.5,0,0,0,0,0,2,7,1,0,0,532852.5376,0,0,15,13
30,2,1,0,11.35,.,.,.,.,.,.,2,7,1,0,0,85135.55246,0,0,15,13
30,2,2,0,9.53,.,.,.,.,.,.,2,7,1,0,0,13816.24013,0,0,15,13
30,2,3,0,7.73,.,.,.,.,.,.,2,7,1,0,0,2279.474015,0,0,15,13
30,2,6,0,2.41,.,.,.,.,.,.,2,7,1,0,0,11.14844471,0,0,15,13
31,2,0,0,13.19,2,0,0,0,0,0,2,7,1,0,0,532852.5376,0,0,16,14
31,2,1,0,11.22,.,.,.,.,.,.,2,7,1,0,0,74757.13962,0,0,16,14
31,2,2,0,9.26,.,.,.,.,.,.,2,7,1,0,0,10489.18494,0,0,16,14
31,2,3,0,7.29,.,.,.,.,.,.,2,7,1,0,0,1471.739039,0,0,16,14
31,2,6,0,1.40,.,.,.,.,.,.,2,7,1,0,0,4.066570438,0,0,16,14
32,2,0,0,13.19,8,0,0,0,0,0,2,7,1,0,0,532852.5376,0,0,17,15
32,2,1,0,11.21,.,.,.,.,.,.,2,7,1,0,0,74161.46836,0,0,17,15
32,2,2,0,9.24,.,.,.,.,.,.,2,7,1,0,0,10311.34475,0,0,17,15
32,2,3,0,7.27,.,.,.,.,.,.,2,7,1,0,0,1434.25381,0,0,17,15
32,2,6,0,1.35,.,.,.,.,.,.,2,7,1,0,0,3.861671033,0,0,17,15
34,1,0,0,13.19,0,0,0.0078,0,0,0,3,7,1,0,0,532852.5376,0,0,2,17
34,1,1,0,13.50,.,.,.,.,.,.,3,7,1,0,0,725778.3905,0,0,2,17
34,1,2,0,14.04,.,.,.,.,.,.,3,7,1,0,0,1247934.073,0,0,2,17
34,1,3,0,14.72,.,.,.,.,.,.,3,7,1,0,0,2475616.466,0,0,2,17
34,1,6,2,17.03,.,.,.,.,.,.,3,7,1,0,0,24865702.44,2,0,2,17
35,1,0,0,13.19,0,0,0.031,0,0,0,3,7,1,0,0,532852.5376,0,0,3,18
35,1,1,0,13.46,.,.,.,.,.,.,3,7,1,0,0,700815.5449,0,0,3,18
35,1,2,0,14.00,.,.,.,.,.,.,3,7,1,0,0,1207424.335,0,0,3,18
35,1,3,0,14.70,.,.,.,.,.,.,3,7,1,0,0,2424170.592,0,0,3,18
35,1,6,2,17.02,.,.,.,.,.,.,3,7,1,0,0,24692250.32,2,0,3,18
36,1,0,0,13.19,0,0,0.125,0,0,0,3,7,1,0,0,532852.5376,0,0,4,19
36,1,1,0,13.33,.,.,.,.,.,.,3,7,1,0,0,612926.3127,0,0,4,19
36,1,2,0,13.89,.,.,.,.,.,.,3,7,1,0,0,1073033.24,0,0,4,19
36,1,3,0,14.61,.,.,.,.,.,.,3,7,1,0,0,2204475.125,0,0,4,19
36,1,6,2,16.90,.,.,.,.,.,.,3,7,1,0,0,21900061.43,2,0,4,19
37,1,0,0,13.19,0,0,0.5,0,0,0,3,7,1,0,0,532852.5376,0,0,5,20
37,1,1,0,12.69,.,.,.,.,.,.,3,7,1,0,0,324162.4312,0,0,5,20
37,1,2,0,12.93,.,.,.,.,.,.,3,7,1,0,0,414156.831,0,0,5,20
37,1,3,0,13.26,.,.,.,.,.,.,3,7,1,0,0,573779.2388,0,0,5,20
37,1,6,2,14.25,.,.,.,.,.,.,3,7,1,0,0,1538010.106,2,0,5,20
38,1,0,0,13.19,0,0,2,0,0,0,3,7,1,0,0,532852.5376,0,0,6,21
38,1,1,0,11.09,.,.,.,.,.,.,3,7,1,0,0,65381.85157,0,0,6,21
38,1,2,0,9.92,.,.,.,.,.,.,3,7,1,0,0,20349.26353,0,0,6,21
38,1,3,0,8.75,.,.,.,.,.,.,3,7,1,0,0,6325.219395,0,0,6,21
38,1,6,0,5.24,.,.,.,.,.,.,3,7,1,0,0,188.915533,0,0,6,21
39,1,0,0,13.19,0,0,8,0,0,0,3,7,1,0,0,532852.5376,0,0,7,22
39,1,1,0,10.85,.,.,.,.,.,.,3,7,1,0,0,51431.18605,0,0,7,22
39,1,2,0,9.44,.,.,.,.,.,.,3,7,1,0,0,12623.30516,0,0,7,22
39,1,3,0,8.04,.,.,.,.,.,.,3,7,1,0,0,3093.319299,0,0,7,22
39,1,6,0,3.81,.,.,.,.,.,.,3,7,1,0,0,45.13689577,0,0,7,22
40,1,0,0,13.19,0,0,32,0,0,0,3,7,1,0,0,532852.5376,0,0,8,23
40,1,1,0,10.84,.,.,.,.,.,.,3,7,1,0,0,50919.4372,0,0,8,23
40,1,2,0,9.43,.,.,.,.,.,.,3,7,1,0,0,12394.39955,0,0,8,23
40,1,3,0,8.01,.,.,.,.,.,.,3,7,1,0,0,3010.31499,0,0,8,23
40,1,6,0,3.75,.,.,.,.,.,.,3,7,1,0,0,42.71712954,0,0,8,23
41,2,0,0,13.19,0,0,0.0078,0,0,0,3,7,1,0,0,532852.5376,0,0,10,17
41,2,1,0,13.50,.,.,.,.,.,.,3,7,1,0,0,725778.3905,0,0,10,17
41,2,2,0,14.04,.,.,.,.,.,.,3,7,1,0,0,1247934.073,0,0,10,17
41,2,3,0,14.72,.,.,.,.,.,.,3,7,1,0,0,2475616.466,0,0,10,17
41,2,6,2,17.03,.,.,.,.,.,.,3,7,1,0,0,24865702.44,2,0,10,17
42,2,0,0,13.19,0,0,0.031,0,0,0,3,7,1,0,0,532852.5376,0,0,11,18
42,2,1,0,13.46,.,.,.,.,.,.,3,7,1,0,0,700815.5449,0,0,11,18
42,2,2,0,14.00,.,.,.,.,.,.,3,7,1,0,0,1207424.335,0,0,11,18
42,2,3,0,14.70,.,.,.,.,.,.,3,7,1,0,0,2424170.592,0,0,11,18
42,2,6,2,17.02,.,.,.,.,.,.,3,7,1,0,0,24692250.32,2,0,11,18
43,2,0,0,13.19,0,0,0.125,0,0,0,3,7,1,0,0,532852.5376,0,0,12,19
43,2,1,0,13.33,.,.,.,.,.,.,3,7,1,0,0,612926.3127,0,0,12,19
43,2,2,0,13.89,.,.,.,.,.,.,3,7,1,0,0,1073033.24,0,0,12,19
43,2,3,0,14.61,.,.,.,.,.,.,3,7,1,0,0,2204475.125,0,0,12,19
43,2,6,2,16.90,.,.,.,.,.,.,3,7,1,0,0,21900061.43,2,0,12,19
44,2,0,0,13.19,0,0,0.5,0,0,0,3,7,1,0,0,532852.5376,0,0,13,20
44,2,1,0,12.69,.,.,.,.,.,.,3,7,1,0,0,324162.4312,0,0,13,20
44,2,2,0,12.93,.,.,.,.,.,.,3,7,1,0,0,414156.831,0,0,13,20
44,2,3,0,13.26,.,.,.,.,.,.,3,7,1,0,0,573779.2388,0,0,13,20
44,2,6,2,14.25,.,.,.,.,.,.,3,7,1,0,0,1538010.106,2,0,13,20
45,2,0,0,13.19,0,0,2,0,0,0,3,7,1,0,0,532852.5376,0,0,14,21
45,2,1,0,11.09,.,.,.,.,.,.,3,7,1,0,0,65381.85157,0,0,14,21
45,2,2,0,9.92,.,.,.,.,.,.,3,7,1,0,0,20349.26353,0,0,14,21
45,2,3,0,8.75,.,.,.,.,.,.,3,7,1,0,0,6325.219395,0,0,14,21
45,2,6,0,5.24,.,.,.,.,.,.,3,7,1,0,0,188.915533,0,0,14,21
46,2,0,0,13.19,0,0,8,0,0,0,3,7,1,0,0,532852.5376,0,0,15,22
46,2,1,0,10.85,.,.,.,.,.,.,3,7,1,0,0,51431.18605,0,0,15,22
46,2,2,0,9.44,.,.,.,.,.,.,3,7,1,0,0,12623.30516,0,0,15,22
46,2,3,0,8.04,.,.,.,.,.,.,3,7,1,0,0,3093.319299,0,0,15,22
46,2,6,0,3.81,.,.,.,.,.,.,3,7,1,0,0,45.13689577,0,0,15,22
47,2,0,0,13.19,0,0,32,0,0,0,3,7,1,0,0,532852.5376,0,0,16,23
47,2,1,0,10.84,.,.,.,.,.,.,3,7,1,0,0,50919.4372,0,0,16,23
47,2,2,0,9.43,.,.,.,.,.,.,3,7,1,0,0,12394.39955,0,0,16,23
47,2,3,0,8.01,.,.,.,.,.,.,3,7,1,0,0,3010.31499,0,0,16,23
47,2,6,0,3.75,.,.,.,.,.,.,3,7,1,0,0,42.71712954,0,0,16,23
94,1,0,0,13.19,0,0,0,0,0,0,7,7,2,0,0,532852.5376,0,1,1,1
94,1,1,0,13.51,.,.,.,.,.,.,7,7,2,0,0,735275.1045,0,1,1,1
94,1,2,0,14.05,.,.,.,.,.,.,7,7,2,0,0,1262999.493,0,1,1,1
94,1,3,0,14.73,.,.,.,.,.,.,7,7,2,0,0,2493006.575,0,1,1,1
94,1,6,0,17.03,.,.,.,.,.,.,7,7,2,0,0,24915483.61,0,1,1,1
95,1,0,0,13.19,0,0.01,0,0,0,0,7,7,2,0,0,532852.5376,0,0,2,2
95,1,1,0,13.23,.,.,.,.,.,.,7,7,2,0,0,558494.4723,0,0,2,2
95,1,2,0,13.76,.,.,.,.,.,.,7,7,2,0,0,947895.9331,0,0,2,2
95,1,3,0,14.44,.,.,.,.,.,.,7,7,2,0,0,1859838.102,0,0,2,2
95,1,6,2,16.64,.,.,.,.,.,.,7,7,2,0,0,16768287.3,2,0,2,2
96,1,0,0,13.19,0,0.63,0,0,0,0,7,7,2,0,0,532852.5376,0,0,3,24
96,1,1,0,7.31,.,.,.,.,.,.,7,7,2,0,0,1502.371292,0,0,3,24
96,1,2,0,5.55,.,.,.,.,.,.,7,7,2,0,0,257.2118334,0,0,3,24
96,1,3,0,4.72,.,.,.,.,.,.,7,7,2,0,0,112.2467979,0,0,3,24
96,1,6,0,4.18,.,.,.,.,.,.,7,7,2,0,0,65.15050142,0,0,3,24
97,1,0,0,13.19,0,40,0,0,0,0,7,7,2,0,0,532852.5376,0,0,4,8
97,1,1,0,6.47,.,.,.,.,.,.,7,7,2,0,0,645.6774011,0,0,4,8
97,1,2,0,3.20,.,.,.,.,.,.,7,7,2,0,0,24.53007707,0,0,4,8
97,1,3,0,1.60,.,.,.,.,.,.,7,7,2,0,0,4.96443751,0,0,4,8
97,1,6,0,1.38,.,.,.,.,.,.,7,7,2,0,0,3.966166456,0,0,4,8
98,1,0,0,13.19,0.002,0,0,0,0,0,7,7,2,0,0,532852.5376,0,0,5,9
98,1,1,0,12.94,.,.,.,.,.,.,7,7,2,0,0,417901.0663,0,0,5,9
98,1,2,0,12.76,.,.,.,.,.,.,7,7,2,0,0,346625.4219,0,0,5,9
98,1,3,0,12.62,.,.,.,.,.,.,7,7,2,0,0,303155.1501,0,0,5,9
98,1,6,0,12.43,.,.,.,.,.,.,7,7,2,0,0,250947.7427,0,0,5,9
99,1,0,0,13.19,0.125,0,0,0,0,0,7,7,2,0,0,532852.5376,0,0,6,12
99,1,1,0,11.68,.,.,.,.,.,.,7,7,2,0,0,117948.1028,0,0,6,12
99,1,2,0,10.28,.,.,.,.,.,.,7,7,2,0,0,29202.21963,0,0,6,12
99,1,3,0,8.98,.,.,.,.,.,.,7,7,2,0,0,7922.008095,0,0,6,12
99,1,6,0,5.35,.,.,.,.,.,.,7,7,2,0,0,210.9666365,0,0,6,12
100,1,0,0,13.19,8,0,0,0,0,0,7,7,2,0,0,532852.5376,0,0,7,15
100,1,1,0,11.21,.,.,.,.,.,.,7,7,2,0,0,74161.46836,0,0,7,15
100,1,2,0,9.24,.,.,.,.,.,.,7,7,2,0,0,10311.34475,0,0,7,15
100,1,3,0,7.27,.,.,.,.,.,.,7,7,2,0,0,1434.25381,0,0,7,15
100,1,6,0,1.35,.,.,.,.,.,.,7,7,2,0,0,3.861671033,2,0,7,15
101,1,0,0,13.19,0.002,0.01,0,0,0,0,7,7,2,0,0,532852.5376,0,0,8,25
101,1,1,0,12.70,.,.,.,.,.,.,7,7,2,0,0,328732.6219,0,0,8,25
101,1,2,0,12.40,.,.,.,.,.,.,7,7,2,0,0,242801.6175,0,0,8,25
101,1,3,0,12.18,.,.,.,.,.,.,7,7,2,0,0,195242.9579,0,0,8,25
101,1,6,0,11.78,.,.,.,.,.,.,7,7,2,0,0,129962.3406,0,0,8,25
777,1,0,2,13.19,2,10,0,0,0,0,7,7,2,0,0,532852.5376,0,0,8,777
777,1,1,2,7.73,.,.,.,.,.,.,7,7,2,0,0,2272.64584,0,0,8,777
777,1,2,2,5.29,.,.,.,.,.,.,7,7,2,0,0,198.0857465,0,0,8,777
777,1,3,2,3.10,.,.,.,.,.,.,7,7,2,0,0,22.13367047,0,0,8,777
777,1,6,2,-3.16,.,.,.,.,.,.,7,7,2,0,0,0.042604304,0,0,8,777
102,1,0,0,13.19,0.125,0.01,0,0,0,0,7,7,2,0,0,532852.5376,0,0,9,26
102,1,1,0,11.41,.,.,.,.,.,.,7,7,2,0,0,90039.16308,0,0,9,26
102,1,2,0,9.68,.,.,.,.,.,.,7,7,2,0,0,16073.06229,0,0,9,26
102,1,3,0,8.00,.,.,.,.,.,.,7,7,2,0,0,2972.920256,0,0,9,26
102,1,6,0,3.26,.,.,.,.,.,.,7,7,2,0,0,25.94295269,0,0,9,26
103,1,0,0,13.19,8,0.01,0,0,0,0,7,7,2,0,0,532852.5376,0,0,10,27
103,1,1,0,10.88,.,.,.,.,.,.,7,7,2,0,0,52838.74461,0,0,10,27
103,1,2,0,8.70,.,.,.,.,.,.,7,7,2,0,0,5995.113502,0,0,10,27
103,1,3,0,6.60,.,.,.,.,.,.,7,7,2,0,0,732.6001096,0,0,10,27
103,1,6,0,0.48,.,.,.,.,.,.,7,7,2,0,0,1.611926423,0,0,10,27
104,1,0,0,13.19,0.002,0.63,0,0,0,0,7,7,2,0,0,532852.5376,0,0,11,28
104,1,1,0,7.85,.,.,.,.,.,.,7,7,2,0,0,2570.356798,0,0,11,28
104,1,2,0,6.40,.,.,.,.,.,.,7,7,2,0,0,604.4989905,0,0,11,28
104,1,3,0,5.62,.,.,.,.,.,.,7,7,2,0,0,275.3381559,0,0,11,28
104,1,6,0,4.28,.,.,.,.,.,.,7,7,2,0,0,72.19710874,0,0,11,28
105,1,0,0,13.19,0.125,0.63,0,0,0,0,7,7,2,0,0,532852.5376,0,0,12,29
105,1,1,0,8.58,.,.,.,.,.,.,7,7,2,0,0,5339.033911,0,0,12,29
105,1,2,0,6.67,.,.,.,.,.,.,7,7,2,0,0,790.843423,0,0,12,29
105,1,3,0,4.93,.,.,.,.,.,.,7,7,2,0,0,137.8133178,0,0,12,29
105,1,6,0,0.44,.,.,.,.,.,.,7,7,2,0,0,1.555535719,0,0,12,29
106,1,0,0,13.19,8,0.63,0,0,0,0,7,7,2,0,0,532852.5376,0,0,13,30
106,1,1,0,8.02,.,.,.,.,.,.,7,7,2,0,0,3036.31534,0,0,13,30
106,1,2,0,5.66,.,.,.,.,.,.,7,7,2,0,0,286.2312355,0,0,13,30
106,1,3,0,3.52,.,.,.,.,.,.,7,7,2,0,0,33.6798589,0,0,13,30
106,1,6,0,-2.62,.,.,.,.,.,.,7,7,2,0,0,0.072454246,2,0,13,30
107,1,0,0,13.19,0.002,40,0,0,0,0,7,7,2,0,0,532852.5376,0,0,14,31
107,1,1,0,7.00,.,.,.,.,.,.,7,7,2,0,0,1100.478099,0,0,14,31
107,1,2,0,4.28,.,.,.,.,.,.,7,7,2,0,0,72.29102602,0,0,14,31
107,1,3,0,2.51,.,.,.,.,.,.,7,7,2,0,0,12.31724115,0,0,14,31
107,1,6,0,1.59,.,.,.,.,.,.,7,7,2,0,0,4.926358135,0,0,14,31
108,1,0,0,13.19,0.125,40,0,0,0,0,7,7,2,0,0,532852.5376,0,0,15,32
108,1,1,0,7.91,.,.,.,.,.,.,7,7,2,0,0,2729.8447,0,0,15,32
108,1,2,0,5.54,.,.,.,.,.,.,7,7,2,0,0,254.3471332,0,0,15,32
108,1,3,0,3.46,.,.,.,.,.,.,7,7,2,0,0,31.78199708,0,0,15,32
108,1,6,0,-0.46,.,.,.,.,.,.,7,7,2,0,0,0.633725109,0,0,15,32
109,1,0,0,13.19,8,40,0,0,0,0,7,7,2,0,0,532852.5376,0,0,16,33
109,1,1,0,7.32,.,.,.,.,.,.,7,7,2,0,0,1515.347402,0,0,16,33
109,1,2,0,4.43,.,.,.,.,.,.,7,7,2,0,0,83.93981047,0,0,16,33
109,1,3,0,1.81,.,.,.,.,.,.,7,7,2,0,0,6.110447432,2,0,16,33
109,1,6,0,-5.74,.,.,.,.,.,.,7,7,2,0,0,0.003216376,2,0,16,33
110,2,0,0,13.19,0,0,0,0,0,0,7,7,2,0,0,532852.5376,0,1,17,1
110,2,1,0,13.51,.,.,.,.,.,.,7,7,2,0,0,735275.1045,0,1,17,1
110,2,2,0,14.05,.,.,.,.,.,.,7,7,2,0,0,1262999.493,0,1,17,1
110,2,3,0,14.73,.,.,.,.,.,.,7,7,2,0,0,2493006.575,0,1,17,1
110,2,6,0,17.03,.,.,.,.,.,.,7,7,2,0,0,24915483.61,0,1,17,1
111,2,0,0,13.19,0,0.01,0,0,0,0,7,7,2,0,0,532852.5376,0,0,18,2
111,2,1,0,13.23,.,.,.,.,.,.,7,7,2,0,0,558494.4723,0,0,18,2
111,2,2,0,13.76,.,.,.,.,.,.,7,7,2,0,0,947895.9331,0,0,18,2
111,2,3,0,14.44,.,.,.,.,.,.,7,7,2,0,0,1859838.102,0,0,18,2
111,2,6,0,16.64,.,.,.,.,.,.,7,7,2,0,0,16768287.3,0,0,18,2
112,2,0,0,13.19,0,0.63,0,0,0,0,7,7,2,0,0,532852.5376,0,0,19,24
112,2,1,0,7.31,.,.,.,.,.,.,7,7,2,0,0,1502.371292,0,0,19,24
112,2,2,0,5.55,.,.,.,.,.,.,7,7,2,0,0,257.2118334,0,0,19,24
112,2,3,0,4.72,.,.,.,.,.,.,7,7,2,0,0,112.2467979,0,0,19,24
112,2,6,0,4.18,.,.,.,.,.,.,7,7,2,0,0,65.15050142,0,0,19,24
113,2,0,0,13.19,0,40,0,0,0,0,7,7,2,0,0,532852.5376,0,0,20,8
113,2,1,0,6.47,.,.,.,.,.,.,7,7,2,0,0,645.6774011,0,0,20,8
113,2,2,0,3.20,.,.,.,.,.,.,7,7,2,0,0,24.53007707,0,0,20,8
113,2,3,0,1.60,.,.,.,.,.,.,7,7,2,0,0,4.96443751,0,0,20,8
113,2,6,0,1.38,.,.,.,.,.,.,7,7,2,0,0,3.966166456,0,0,20,8
114,2,0,0,13.19,0.002,0,0,0,0,0,7,7,2,0,0,532852.5376,0,0,21,9
114,2,1,0,12.94,.,.,.,.,.,.,7,7,2,0,0,417901.0663,0,0,21,9
114,2,2,0,12.76,.,.,.,.,.,.,7,7,2,0,0,346625.4219,0,0,21,9
114,2,3,0,12.62,.,.,.,.,.,.,7,7,2,0,0,303155.1501,0,0,21,9
114,2,6,0,12.43,.,.,.,.,.,.,7,7,2,0,0,250947.7427,0,0,21,9
115,2,0,0,13.19,0.125,0,0,0,0,0,7,7,2,0,0,532852.5376,0,0,22,12
115,2,1,0,11.68,.,.,.,.,.,.,7,7,2,0,0,117948.1028,0,0,22,12
115,2,2,0,10.28,.,.,.,.,.,.,7,7,2,0,0,29202.21963,0,0,22,12
115,2,3,0,8.98,.,.,.,.,.,.,7,7,2,0,0,7922.008095,0,0,22,12
115,2,6,0,5.35,.,.,.,.,.,.,7,7,2,0,0,210.9666365,0,0,22,12
116,2,0,0,13.19,8,0,0,0,0,0,7,7,2,0,0,532852.5376,0,0,23,15
116,2,1,0,11.21,.,.,.,.,.,.,7,7,2,0,0,74161.46836,0,0,23,15
116,2,2,0,9.24,.,.,.,.,.,.,7,7,2,0,0,10311.34475,0,0,23,15
116,2,3,0,7.27,.,.,.,.,.,.,7,7,2,0,0,1434.25381,0,0,23,15
116,2,6,0,1.35,.,.,.,.,.,.,7,7,2,0,0,3.861671033,0,0,23,15
117,2,0,0,13.19,0.002,0.01,0,0,0,0,7,7,2,0,0,532852.5376,0,0,24,25
117,2,1,0,12.70,.,.,.,.,.,.,7,7,2,0,0,328732.6219,0,0,24,25
117,2,2,0,12.40,.,.,.,.,.,.,7,7,2,0,0,242801.6175,0,0,24,25
117,2,3,0,12.18,.,.,.,.,.,.,7,7,2,0,0,195242.9579,0,0,24,25
117,2,6,0,11.78,.,.,.,.,.,.,7,7,2,0,0,129962.3406,0,0,24,25
118,2,0,0,13.19,0.125,0.01,0,0,0,0,7,7,2,0,0,532852.5376,0,0,25,26
118,2,1,0,11.41,.,.,.,.,.,.,7,7,2,0,0,90039.16308,0,0,25,26
118,2,2,0,9.68,.,.,.,.,.,.,7,7,2,0,0,16073.06229,0,0,25,26
118,2,3,0,8.00,.,.,.,.,.,.,7,7,2,0,0,2972.920256,0,0,25,26
118,2,6,0,3.26,.,.,.,.,.,.,7,7,2,0,0,25.94295269,0,0,25,26
119,2,0,0,13.19,8,0.01,0,0,0,0,7,7,2,0,0,532852.5376,0,0,26,27
119,2,1,0,10.88,.,.,.,.,.,.,7,7,2,0,0,52838.74461,0,0,26,27
119,2,2,0,8.70,.,.,.,.,.,.,7,7,2,0,0,5995.113502,0,0,26,27
119,2,3,0,6.60,.,.,.,.,.,.,7,7,2,0,0,732.6001096,0,0,26,27
119,2,6,0,0.48,.,.,.,.,.,.,7,7,2,0,0,1.611926423,0,0,26,27
120,2,0,0,13.19,0.002,0.63,0,0,0,0,7,7,2,0,0,532852.5376,0,0,27,28
120,2,1,0,7.85,.,.,.,.,.,.,7,7,2,0,0,2570.356798,0,0,27,28
120,2,2,0,6.40,.,.,.,.,.,.,7,7,2,0,0,604.4989905,0,0,27,28
120,2,3,0,5.62,.,.,.,.,.,.,7,7,2,0,0,275.3381559,0,0,27,28
120,2,6,0,4.28,.,.,.,.,.,.,7,7,2,0,0,72.19710874,0,0,27,28
121,2,0,0,13.19,0.125,0.63,0,0,0,0,7,7,2,0,0,532852.5376,0,0,28,29
121,2,1,0,8.58,.,.,.,.,.,.,7,7,2,0,0,5339.033911,0,0,28,29
121,2,2,0,6.67,.,.,.,.,.,.,7,7,2,0,0,790.843423,0,0,28,29
121,2,3,0,4.93,.,.,.,.,.,.,7,7,2,0,0,137.8133178,0,0,28,29
121,2,6,0,0.44,.,.,.,.,.,.,7,7,2,0,0,1.555535719,0,0,28,29
122,2,0,0,13.19,8,0.63,0,0,0,0,7,7,2,0,0,532852.5376,0,0,29,30
122,2,1,0,8.02,.,.,.,.,.,.,7,7,2,0,0,3036.31534,0,0,29,30
122,2,2,0,5.66,.,.,.,.,.,.,7,7,2,0,0,286.2312355,0,0,29,30
122,2,3,0,3.52,.,.,.,.,.,.,7,7,2,0,0,33.6798589,0,0,29,30
122,2,6,0,-2.62,.,.,.,.,.,.,7,7,2,0,0,0.072454246,0,0,29,30
123,2,0,0,13.19,0.002,40,0,0,0,0,7,7,2,0,0,532852.5376,0,0,30,31
123,2,1,0,7.00,.,.,.,.,.,.,7,7,2,0,0,1100.478099,0,0,30,31
123,2,2,0,4.28,.,.,.,.,.,.,7,7,2,0,0,72.29102602,0,0,30,31
123,2,3,2,2.51,.,.,.,.,.,.,7,7,2,0,0,12.31724115,2,0,30,31
123,2,6,2,1.59,.,.,.,.,.,.,7,7,2,0,0,4.926358135,2,0,30,31
124,2,0,0,13.19,0.125,40,0,0,0,0,7,7,2,0,0,532852.5376,0,0,31,32
124,2,1,0,7.91,.,.,.,.,.,.,7,7,2,0,0,2729.8447,0,0,31,32
124,2,2,0,5.54,.,.,.,.,.,.,7,7,2,0,0,254.3471332,0,0,31,32
124,2,3,0,3.46,.,.,.,.,.,.,7,7,2,0,0,31.78199708,0,0,31,32
124,2,6,0,-0.46,.,.,.,.,.,.,7,7,2,0,0,0.633725109,0,0,31,32
125,2,0,0,13.19,8,40,0,0,0,0,7,7,2,0,0,532852.5376,0,0,32,33
125,2,1,0,7.32,.,.,.,.,.,.,7,7,2,0,0,1515.347402,0,0,32,33
125,2,2,0,4.43,.,.,.,.,.,.,7,7,2,0,0,83.93981047,0,0,32,33
125,2,3,0,1.81,.,.,.,.,.,.,7,7,2,0,0,6.110447432,0,0,32,33
125,2,6,0,-5.74,.,.,.,.,.,.,7,7,2,0,0,0.003216376,0,0,32,33
126,1,0,0,13.19,0,0,0,0,0,0,8,7,2,0,0,532852.5376,0,1,1,1
126,1,1,0,13.51,.,.,.,.,.,.,8,7,2,0,0,735275.1045,0,1,1,1
126,1,2,0,14.05,.,.,.,.,.,.,8,7,2,0,0,1262999.493,0,1,1,1
126,1,3,0,14.73,.,.,.,.,.,.,8,7,2,0,0,2493006.575,0,1,1,1
126,1,6,0,17.03,.,.,.,.,.,.,8,7,2,0,0,24915483.61,0,1,1,1
127,1,0,0,13.19,0,0.01,0,0,0,0,8,7,2,0,0,532852.5376,0,0,2,2
127,1,1,0,13.23,.,.,.,.,.,.,8,7,2,0,0,558494.4723,0,0,2,2
127,1,2,0,13.76,.,.,.,.,.,.,8,7,2,0,0,947895.9331,0,0,2,2
127,1,3,0,14.44,.,.,.,.,.,.,8,7,2,0,0,1859838.102,0,0,2,2
127,1,6,0,16.64,.,.,.,.,.,.,8,7,2,0,0,16768287.3,0,0,2,2
128,1,0,0,13.19,0,0.63,0,0,0,0,8,7,2,0,0,532852.5376,0,0,3,24
128,1,1,0,7.31,.,.,.,.,.,.,8,7,2,0,0,1502.371292,0,0,3,24
128,1,2,0,5.55,.,.,.,.,.,.,8,7,2,0,0,257.2118334,0,0,3,24
128,1,3,0,4.72,.,.,.,.,.,.,8,7,2,0,0,112.2467979,0,0,3,24
128,1,6,0,4.18,.,.,.,.,.,.,8,7,2,0,0,65.15050142,0,0,3,24
129,1,0,0,13.19,0,40,0,0,0,0,8,7,2,0,0,532852.5376,0,0,4,8
129,1,1,0,6.47,.,.,.,.,.,.,8,7,2,0,0,645.6774011,0,0,4,8
129,1,2,0,3.20,.,.,.,.,.,.,8,7,2,0,0,24.53007707,0,0,4,8
129,1,3,0,1.60,.,.,.,.,.,.,8,7,2,0,0,4.96443751,0,0,4,8
129,1,6,0,1.38,.,.,.,.,.,.,8,7,2,0,0,3.966166456,0,0,4,8
130,1,0,0,13.19,0,0,0.008,0,0,0,8,7,2,0,0,532852.5376,0,0,5,34
130,1,1,0,13.50,.,.,.,.,.,.,8,7,2,0,0,725778.3905,0,0,5,34
130,1,2,0,14.04,.,.,.,.,.,.,8,7,2,0,0,1246686.762,0,0,5,34
130,1,3,0,14.72,.,.,.,.,.,.,8,7,2,0,0,2473142.087,0,0,5,34
130,1,6,0,17.03,.,.,.,.,.,.,8,7,2,0,0,24865702.44,0,0,5,34
131,1,0,0,13.19,0,0,0.5,0,0,0,8,7,2,0,0,532852.5376,0,0,6,20
131,1,1,0,12.69,.,.,.,.,.,.,8,7,2,0,0,324162.4312,0,0,6,20
131,1,2,0,12.93,.,.,.,.,.,.,8,7,2,0,0,414156.831,0,0,6,20
131,1,3,0,13.26,.,.,.,.,.,.,8,7,2,0,0,573779.2388,0,0,6,20
131,1,6,0,14.25,.,.,.,.,.,.,8,7,2,0,0,1538010.106,0,0,6,20
132,1,0,0,13.19,0,0,32,0,0,0,8,7,2,0,0,532852.5376,0,0,7,23
132,1,1,0,10.84,.,.,.,.,.,.,8,7,2,0,0,50919.4372,0,0,7,23
132,1,2,0,9.43,.,.,.,.,.,.,8,7,2,0,0,12394.39955,0,0,7,23
132,1,3,0,8.01,.,.,.,.,.,.,8,7,2,0,0,3010.31499,0,0,7,23
132,1,6,0,3.75,.,.,.,.,.,.,8,7,2,0,0,42.71712954,0,0,7,23
133,1,0,0,13.19,0,0.01,0.008,0,0,0,8,7,2,0,0,532852.5376,0,0,8,35
133,1,1,0,13.25,.,.,.,.,.,.,8,7,2,0,0,569207.317,0,0,8,35
133,1,2,0,13.78,.,.,.,.,.,.,8,7,2,0,0,960299.0257,0,0,8,35
133,1,3,0,14.45,.,.,.,.,.,.,8,7,2,0,0,1878529.786,0,0,8,35
133,1,6,0,16.65,.,.,.,.,.,.,8,7,2,0,0,16970718.91,0,0,8,35
134,1,0,0,13.19,0,0.01,0.5,0,0,0,8,7,2,0,0,532852.5376,0,0,9,36
134,1,1,0,12.71,.,.,.,.,.,.,8,7,2,0,0,330380.401,0,0,9,36
134,1,2,0,12.89,.,.,.,.,.,.,8,7,2,0,0,395141.8131,0,0,9,36
134,1,3,0,13.18,.,.,.,.,.,.,8,7,2,0,0,528078.3807,0,0,9,36
134,1,6,0,14.11,.,.,.,.,.,.,8,7,2,0,0,1337081.752,0,0,9,36
135,1,0,0,13.19,0,0.01,32,0,0,0,8,7,2,0,0,532852.5376,0,0,10,37
135,1,1,0,10.83,.,.,.,.,.,.,8,7,2,0,0,50312.05553,0,0,10,37
135,1,2,0,9.40,.,.,.,.,.,.,8,7,2,0,0,12121.06346,0,0,10,37
135,1,3,0,7.98,.,.,.,.,.,.,8,7,2,0,0,2919.010593,0,0,10,37
135,1,6,0,3.70,.,.,.,.,.,.,8,7,2,0,0,40.63785413,0,0,10,37
136,1,0,0,13.19,0,0.63,0.008,0,0,0,8,7,2,0,0,532852.5376,0,0,11,38
136,1,1,0,7.55,.,.,.,.,.,.,8,7,2,0,0,1895.428096,0,0,11,38
136,1,2,0,5.95,.,.,.,.,.,.,8,7,2,0,0,383.4464592,0,0,11,38
136,1,3,0,5.18,.,.,.,.,.,.,8,7,2,0,0,178.3592902,0,0,11,38
136,1,6,0,4.59,.,.,.,.,.,.,8,7,2,0,0,98.54368969,0,0,11,38
137,1,0,0,13.19,0,0.63,0.5,0,0,0,8,7,2,0,0,532852.5376,0,0,12,39
137,1,1,0,7.74,.,.,.,.,.,.,8,7,2,0,0,2306.531131,0,0,12,39
137,1,2,0,6.39,.,.,.,.,.,.,8,7,2,0,0,594.0716886,0,0,12,39
137,1,3,0,5.93,.,.,.,.,.,.,8,7,2,0,0,376.9452683,0,0,12,39
137,1,6,0,6.05,.,.,.,.,.,.,8,7,2,0,0,425.7277255,0,0,12,39
138,1,0,0,13.19,0,0.63,32,0,0,0,8,7,2,0,0,532852.5376,0,0,13,40
138,1,1,0,7.72,.,.,.,.,.,.,8,7,2,0,0,2253.860945,0,0,13,40
138,1,2,0,5.85,.,.,.,.,.,.,8,7,2,0,0,347.3385664,0,0,13,40
138,1,3,0,4.30,.,.,.,.,.,.,8,7,2,0,0,73.68505521,0,0,13,40
138,1,6,0,1.23,.,.,.,.,.,.,8,7,2,0,0,3.437003444,0,0,13,40
778,1,0,2,13.19,0,10,8,0,0,0,8,7,2,0,0,532852.5376,0,0,13,778
778,1,1,2,7.27,.,.,.,.,.,.,8,7,2,0,0,1440.002315,0,0,13,778
778,1,2,2,5.29,.,.,.,.,.,.,8,7,2,0,0,198.3632607,0,0,13,778
778,1,3,2,4.17,.,.,.,.,.,.,8,7,2,0,0,64.85149735,0,0,13,778
778,1,6,2,2.94,.,.,.,.,.,.,8,7,2,0,0,18.91773799,0,0,13,778
139,1,0,0,13.19,0,40,0.008,0,0,0,8,7,2,0,0,532852.5376,0,0,14,41
139,1,1,0,6.69,.,.,.,.,.,.,8,7,2,0,0,806.5775103,0,0,14,41
139,1,2,0,3.66,.,.,.,.,.,.,8,7,2,0,0,38.88855533,0,0,14,41
139,1,3,0,1.95,.,.,.,.,.,.,8,7,2,0,0,6.995730259,0,0,14,41
139,1,6,0,1.49,.,.,.,.,.,.,8,7,2,0,0,4.437095519,0,0,14,41
140,1,0,0,13.19,0,40,0.5,0,0,0,8,7,2,0,0,532852.5376,0,0,15,42
140,1,1,0,6.71,.,.,.,.,.,.,8,7,2,0,0,817.7854368,0,0,15,42
140,1,2,0,3.69,.,.,.,.,.,.,8,7,2,0,0,40.12501679,0,0,15,42
140,1,3,0,1.98,.,.,.,.,.,.,8,7,2,0,0,7.275408771,0,0,15,42
140,1,6,0,1.50,.,.,.,.,.,.,8,7,2,0,0,4.464690969,0,0,15,42
141,1,0,0,13.19,0,40,32,0,0,0,8,7,2,0,0,532852.5376,0,0,16,43
141,1,1,0,6.77,.,.,.,.,.,.,8,7,2,0,0,869.9189096,0,0,16,43
141,1,2,0,3.77,.,.,.,.,.,.,8,7,2,0,0,43.52345551,0,0,16,43
141,1,3,0,2.00,.,.,.,.,.,.,8,7,2,0,0,7.419413419,0,0,16,43
141,1,6,0,1.47,.,.,.,.,.,.,8,7,2,0,0,4.34488808,0,0,16,43
142,2,0,0,13.19,0,0,0,0,0,0,8,7,2,0,0,532852.5376,0,1,17,1
142,2,1,0,13.51,.,.,.,.,.,.,8,7,2,0,0,735275.1045,0,1,17,1
142,2,2,0,14.05,.,.,.,.,.,.,8,7,2,0,0,1262999.493,0,1,17,1
142,2,3,0,14.73,.,.,.,.,.,.,8,7,2,0,0,2493006.575,0,1,17,1
142,2,6,0,17.03,.,.,.,.,.,.,8,7,2,0,0,24915483.61,0,1,17,1
143,2,0,0,13.19,0,0.01,0,0,0,0,8,7,2,0,0,532852.5376,0,0,18,2
143,2,1,0,13.23,.,.,.,.,.,.,8,7,2,0,0,558494.4723,0,0,18,2
143,2,2,0,13.76,.,.,.,.,.,.,8,7,2,0,0,947895.9331,0,0,18,2
143,2,3,0,14.44,.,.,.,.,.,.,8,7,2,0,0,1859838.102,0,0,18,2
143,2,6,0,16.64,.,.,.,.,.,.,8,7,2,0,0,16768287.3,0,0,18,2
144,2,0,0,13.19,0,0.63,0,0,0,0,8,7,2,0,0,532852.5376,0,0,19,24
144,2,1,0,7.31,.,.,.,.,.,.,8,7,2,0,0,1502.371292,0,0,19,24
144,2,2,0,5.55,.,.,.,.,.,.,8,7,2,0,0,257.2118334,0,0,19,24
144,2,3,0,4.72,.,.,.,.,.,.,8,7,2,0,0,112.2467979,0,0,19,24
144,2,6,0,4.18,.,.,.,.,.,.,8,7,2,0,0,65.15050142,0,0,19,24
145,2,0,0,13.19,0,40,0,0,0,0,8,7,2,0,0,532852.5376,0,0,20,8
145,2,1,0,6.47,.,.,.,.,.,.,8,7,2,0,0,645.6774011,0,0,20,8
145,2,2,0,3.20,.,.,.,.,.,.,8,7,2,0,0,24.53007707,0,0,20,8
145,2,3,0,1.60,.,.,.,.,.,.,8,7,2,0,0,4.96443751,0,0,20,8
145,2,6,0,1.38,.,.,.,.,.,.,8,7,2,0,0,3.966166456,0,0,20,8
146,2,0,0,13.19,0,0,0.008,0,0,0,8,7,2,0,0,532852.5376,0,0,21,34
146,2,1,0,13.50,.,.,.,.,.,.,8,7,2,0,0,725778.3905,0,0,21,34
146,2,2,0,14.04,.,.,.,.,.,.,8,7,2,0,0,1246686.762,0,0,21,34
146,2,3,0,14.72,.,.,.,.,.,.,8,7,2,0,0,2473142.087,0,0,21,34
146,2,6,0,17.03,.,.,.,.,.,.,8,7,2,0,0,24865702.44,0,0,21,34
147,2,0,0,13.19,0,0,0.5,0,0,0,8,7,2,0,0,532852.5376,0,0,22,20
147,2,1,0,12.69,.,.,.,.,.,.,8,7,2,0,0,324162.4312,0,0,22,20
147,2,2,0,12.93,.,.,.,.,.,.,8,7,2,0,0,414156.831,0,0,22,20
147,2,3,0,13.26,.,.,.,.,.,.,8,7,2,0,0,573779.2388,0,0,22,20
147,2,6,0,14.25,.,.,.,.,.,.,8,7,2,0,0,1538010.106,0,0,22,20
148,2,0,0,13.19,0,0,32,0,0,0,8,7,2,0,0,532852.5376,0,0,23,23
148,2,1,0,10.84,.,.,.,.,.,.,8,7,2,0,0,50919.4372,0,0,23,23
148,2,2,0,9.43,.,.,.,.,.,.,8,7,2,0,0,12394.39955,0,0,23,23
148,2,3,0,8.01,.,.,.,.,.,.,8,7,2,0,0,3010.31499,0,0,23,23
148,2,6,0,3.75,.,.,.,.,.,.,8,7,2,0,0,42.71712954,0,0,23,23
149,2,0,0,13.19,0,0.01,0.008,0,0,0,8,7,2,0,0,532852.5376,0,0,24,35
149,2,1,0,13.25,.,.,.,.,.,.,8,7,2,0,0,569207.317,0,0,24,35
149,2,2,0,13.78,.,.,.,.,.,.,8,7,2,0,0,960299.0257,0,0,24,35
149,2,3,0,14.45,.,.,.,.,.,.,8,7,2,0,0,1878529.786,0,0,24,35
149,2,6,0,16.65,.,.,.,.,.,.,8,7,2,0,0,16970718.91,0,0,24,35
150,2,0,0,13.19,0,0.01,0.5,0,0,0,8,7,2,0,0,532852.5376,0,0,25,36
150,2,1,0,12.71,.,.,.,.,.,.,8,7,2,0,0,330380.401,0,0,25,36
150,2,2,0,12.89,.,.,.,.,.,.,8,7,2,0,0,395141.8131,0,0,25,36
150,2,3,0,13.18,.,.,.,.,.,.,8,7,2,0,0,528078.3807,0,0,25,36
150,2,6,0,14.11,.,.,.,.,.,.,8,7,2,0,0,1337081.752,0,0,25,36
151,2,0,0,13.19,0,0.01,32,0,0,0,8,7,2,0,0,532852.5376,0,0,26,37
151,2,1,0,10.83,.,.,.,.,.,.,8,7,2,0,0,50312.05553,0,0,26,37
151,2,2,0,9.40,.,.,.,.,.,.,8,7,2,0,0,12121.06346,0,0,26,37
151,2,3,0,7.98,.,.,.,.,.,.,8,7,2,0,0,2919.010593,0,0,26,37
152,2,0,0,13.19,0,0.63,0.008,0,0,0,8,7,2,0,0,532852.5376,0,0,27,38
152,2,1,0,7.55,.,.,.,.,.,.,8,7,2,0,0,1895.428096,0,0,27,38
152,2,2,0,5.95,.,.,.,.,.,.,8,7,2,0,0,383.4464592,0,0,27,38
152,2,3,0,5.18,.,.,.,.,.,.,8,7,2,0,0,178.3592902,0,0,27,38
152,2,6,0,4.59,.,.,.,.,.,.,8,7,2,0,0,98.54368969,0,0,27,38
153,2,0,0,13.19,0,0.63,0.5,0,0,0,8,7,2,0,0,532852.5376,0,0,28,39
153,2,1,0,7.74,.,.,.,.,.,.,8,7,2,0,0,2306.531131,0,0,28,39
153,2,2,0,6.39,.,.,.,.,.,.,8,7,2,0,0,594.0716886,0,0,28,39
153,2,3,0,5.93,.,.,.,.,.,.,8,7,2,0,0,376.9452683,0,0,28,39
153,2,6,0,6.05,.,.,.,.,.,.,8,7,2,0,0,425.7277255,0,0,28,39
154,2,0,0,13.19,0,0.63,32,0,0,0,8,7,2,0,0,532852.5376,0,0,29,40
154,2,1,0,7.72,.,.,.,.,.,.,8,7,2,0,0,2253.860945,0,0,29,40
154,2,2,0,5.85,.,.,.,.,.,.,8,7,2,0,0,347.3385664,0,0,29,40
154,2,3,0,4.30,.,.,.,.,.,.,8,7,2,0,0,73.68505521,0,0,29,40
154,2,6,0,1.23,.,.,.,.,.,.,8,7,2,0,0,3.437003444,0,0,29,40
155,2,0,0,13.19,0,40,0.008,0,0,0,8,7,2,0,0,532852.5376,0,0,30,41
155,2,1,0,6.69,.,.,.,.,.,.,8,7,2,0,0,806.5775103,0,0,30,41
155,2,2,0,3.66,.,.,.,.,.,.,8,7,2,0,0,38.88855533,0,0,30,41
155,2,3,0,1.95,.,.,.,.,.,.,8,7,2,0,0,6.995730259,0,0,30,41
155,2,6,0,1.49,.,.,.,.,.,.,8,7,2,0,0,4.437095519,0,0,30,41
156,2,0,0,13.19,0,40,0.5,0,0,0,8,7,2,0,0,532852.5376,0,0,31,42
156,2,1,0,6.71,.,.,.,.,.,.,8,7,2,0,0,817.7854368,0,0,31,42
156,2,2,0,3.69,.,.,.,.,.,.,8,7,2,0,0,40.12501679,0,0,31,42
156,2,3,0,1.98,.,.,.,.,.,.,8,7,2,0,0,7.275408771,0,0,31,42
156,2,6,0,1.50,.,.,.,.,.,.,8,7,2,0,0,4.464690969,0,0,31,42
157,2,0,0,13.19,0,40,32,0,0,0,8,7,2,0,0,532852.5376,0,0,32,43
157,2,1,0,6.77,.,.,.,.,.,.,8,7,2,0,0,869.9189096,0,0,32,43
157,2,2,0,3.77,.,.,.,.,.,.,8,7,2,0,0,43.52345551,0,0,32,43
157,2,3,0,2.00,.,.,.,.,.,.,8,7,2,0,0,7.419413419,0,0,32,43
157,2,6,0,1.47,.,.,.,.,.,.,8,7,2,0,0,4.34488808,0,0,32,43
222,1,0,0,13.19,0,0,0,0,0,0,11,7,2,0,0,532852.5376,0,1,1,1
222,1,1,0,13.51,.,.,.,.,.,.,11,7,2,0,0,735275.1045,0,1,1,1
222,1,2,0,14.05,.,.,.,.,.,.,11,7,2,0,0,1262999.493,0,1,1,1
222,1,3,0,14.73,.,.,.,.,.,.,11,7,2,0,0,2493006.575,0,1,1,1
222,1,6,0,17.03,.,.,.,.,.,.,11,7,2,0,0,24915483.61,0,1,1,1
223,1,0,0,13.19,0.002,0,0,0,0,0,11,7,2,0,0,532852.5376,0,0,2,9
223,1,1,0,12.94,.,.,.,.,.,.,11,7,2,0,0,417901.0663,0,0,2,9
223,1,2,0,12.76,.,.,.,.,.,.,11,7,2,0,0,346625.4219,0,0,2,9
223,1,3,0,12.62,.,.,.,.,.,.,11,7,2,0,0,303155.1501,0,0,2,9
223,1,6,0,12.43,.,.,.,.,.,.,11,7,2,0,0,250947.7427,0,0,2,9
224,1,0,0,13.19,0.125,0,0,0,0,0,11,7,2,0,0,532852.5376,0,0,3,12
224,1,1,0,11.68,.,.,.,.,.,.,11,7,2,0,0,117948.1028,0,0,3,12
224,1,2,0,10.28,.,.,.,.,.,.,11,7,2,0,0,29202.21963,0,0,3,12
224,1,3,0,8.98,.,.,.,.,.,.,11,7,2,0,0,7922.008095,0,0,3,12
224,1,6,0,5.35,.,.,.,.,.,.,11,7,2,0,0,210.9666365,0,0,3,12
225,1,0,0,13.19,8,0,0,0,0,0,11,7,2,0,0,532852.5376,0,0,4,15
225,1,1,0,11.21,.,.,.,.,.,.,11,7,2,0,0,74161.46836,0,0,4,15
225,1,2,0,9.24,.,.,.,.,.,.,11,7,2,0,0,10311.34475,0,0,4,15
225,1,3,0,7.27,.,.,.,.,.,.,11,7,2,0,0,1434.25381,0,0,4,15
225,1,6,0,1.35,.,.,.,.,.,.,11,7,2,0,0,3.861671033,0,0,4,15
226,1,0,0,13.19,0,0,0.008,0,0,0,11,7,2,0,0,532852.5376,0,0,5,34
226,1,1,0,13.50,.,.,.,.,.,.,11,7,2,0,0,725778.3905,0,0,5,34
226,1,2,0,14.04,.,.,.,.,.,.,11,7,2,0,0,1246686.762,0,0,5,34
226,1,3,0,14.72,.,.,.,.,.,.,11,7,2,0,0,2473142.087,0,0,5,34
226,1,6,0,17.03,.,.,.,.,.,.,11,7,2,0,0,24865702.44,0,0,5,34
227,1,0,0,13.19,0,0,0.5,0,0,0,11,7,2,0,0,532852.5376,0,0,6,20
227,1,1,0,12.69,.,.,.,.,.,.,11,7,2,0,0,324162.4312,0,0,6,20
227,1,2,0,12.93,.,.,.,.,.,.,11,7,2,0,0,414156.831,0,0,6,20
227,1,3,0,13.26,.,.,.,.,.,.,11,7,2,0,0,573779.2388,0,0,6,20
227,1,6,0,14.25,.,.,.,.,.,.,11,7,2,0,0,1538010.106,0,0,6,20
228,1,0,0,13.19,0,0,32,0,0,0,11,7,2,0,0,532852.5376,0,0,7,23
228,1,1,0,10.84,.,.,.,.,.,.,11,7,2,0,0,50919.4372,0,0,7,23
228,1,2,0,9.43,.,.,.,.,.,.,11,7,2,0,0,12394.39955,0,0,7,23
228,1,3,0,8.01,.,.,.,.,.,.,11,7,2,0,0,3010.31499,0,0,7,23
228,1,6,0,3.75,.,.,.,.,.,.,11,7,2,0,0,42.71712954,0,0,7,23
229,1,0,0,13.19,0.002,0,0.008,0,0,0,11,7,2,0,0,532852.5376,0,0,8,44
229,1,1,0,12.81,.,.,.,.,.,.,11,7,2,0,0,366223.8363,0,0,8,44
229,1,2,0,12.45,.,.,.,.,.,.,11,7,2,0,0,253977.2563,0,0,8,44
229,1,3,0,12.09,.,.,.,.,.,.,11,7,2,0,0,177371.2017,0,0,8,44
229,1,6,0,11.05,.,.,.,.,.,.,11,7,2,0,0,63196.23465,0,0,8,44
230,1,0,0,13.19,0.002,0,0.5,0,0,0,11,7,2,0,0,532852.5376,0,0,9,45
230,1,1,0,12.54,.,.,.,.,.,.,11,7,2,0,0,280127.462,0,0,9,45
230,1,2,0,12.09,.,.,.,.,.,.,11,7,2,0,0,177726.299,0,0,9,45
230,1,3,0,11.71,.,.,.,.,.,.,11,7,2,0,0,122149.3799,0,0,9,45
230,1,6,0,10.69,.,.,.,.,.,.,11,7,2,0,0,44090.51681,0,0,9,45
231,1,0,0,13.19,0.002,0,32,0,0,0,11,7,2,0,0,532852.5376,0,0,10,46
231,1,1,0,11.05,.,.,.,.,.,.,11,7,2,0,0,62692.68167,0,0,10,46
231,1,2,0,8.98,.,.,.,.,.,.,11,7,2,0,0,7964.106199,0,0,10,46
231,1,3,0,6.98,.,.,.,.,.,.,11,7,2,0,0,1080.198392,0,0,10,46
231,1,6,0,3.09,.,.,.,.,.,.,11,7,2,0,0,21.90905452,0,0,10,46
232,1,0,0,13.19,0.125,0,0.008,0,0,0,11,7,2,0,0,532852.5376,0,0,11,47
232,1,1,0,11.67,.,.,.,.,.,.,11,7,2,0,0,116774.4996,0,0,11,47
232,1,2,0,10.17,.,.,.,.,.,.,11,7,2,0,0,26029.8699,0,0,11,47
232,1,3,0,8.69,.,.,.,.,.,.,11,7,2,0,0,5914.723324,0,0,11,47
232,1,6,0,4.38,.,.,.,.,.,.,11,7,2,0,0,79.48751776,0,0,11,47
233,1,0,0,13.19,0.125,0,0.5,0,0,0,11,7,2,0,0,532852.5376,0,0,12,48
233,1,1,0,11.18,.,.,.,.,.,.,11,7,2,0,0,71754.08028,0,0,12,48
233,1,2,0,9.44,.,.,.,.,.,.,11,7,2,0,0,12632.14456,0,0,12,48
233,1,3,0,7.79,.,.,.,.,.,.,11,7,2,0,0,2405.228047,0,0,12,48
233,1,6,0,3.07,.,.,.,.,.,.,11,7,2,0,0,21.44303749,0,0,12,48
234,1,0,0,13.19,0.125,0,32,0,0,0,11,7,2,0,0,532852.5376,0,0,13,49
234,1,1,0,11.16,.,.,.,.,.,.,11,7,2,0,0,70122.57071,0,0,13,49
234,1,2,0,9.39,.,.,.,.,.,.,11,7,2,0,0,12011.26214,0,0,13,49
234,1,3,0,7.71,.,.,.,.,.,.,11,7,2,0,0,2226.530893,0,0,13,49
234,1,6,0,2.93,.,.,.,.,.,.,11,7,2,0,0,18.78014134,0,0,13,49
779,1,0,2,13.19,2,0,8,0,0,0,11,7,2,0,0,532852.5376,0,0,13,800
779,1,1,2,10.81,.,.,.,.,.,.,11,7,2,0,0,49563.00661,0,0,13,800
779,1,2,2,8.78,.,.,.,.,.,.,11,7,2,0,0,6471.738156,0,0,13,800
779,1,3,2,6.80,.,.,.,.,.,.,11,7,2,0,0,897.3087449,0,0,13,800
779,1,6,2,0.90,.,.,.,.,.,.,11,7,2,0,0,2.459455539,0,0,13,800
235,1,0,0,13.19,8,0,0.008,0,0,0,11,7,2,0,0,532852.5376,0,0,14,50
235,1,1,0,10.79,.,.,.,.,.,.,11,7,2,0,0,48678.85374,0,0,14,50
235,1,2,0,8.74,.,.,.,.,.,.,11,7,2,0,0,6223.576373,0,0,14,50
235,1,3,0,6.74,.,.,.,.,.,.,11,7,2,0,0,845.8144421,0,0,14,50
235,1,6,0,0.78,.,.,.,.,.,.,11,7,2,0,0,2.184659541,0,0,14,50
236,1,0,0,13.19,8,0,0.5,0,0,0,11,7,2,0,0,532852.5376,0,0,15,51
236,1,1,0,10.79,.,.,.,.,.,.,11,7,2,0,0,48678.85374,0,0,15,51
236,1,2,0,8.74,.,.,.,.,.,.,11,7,2,0,0,6222.954046,0,0,15,51
236,1,3,0,6.74,.,.,.,.,.,.,11,7,2,0,0,845.7298649,0,0,15,51
236,1,6,0,0.78,.,.,.,.,.,.,11,7,2,0,0,2.184572157,0,0,15,51
237,1,0,0,13.19,8,0,32,0,0,0,11,7,2,0,0,532852.5376,0,0,16,52
237,1,1,0,10.79,.,.,.,.,.,.,11,7,2,0,0,48630.19922,0,0,16,52
237,1,2,0,8.74,.,.,.,.,.,.,11,7,2,0,0,6217.977674,0,0,16,52
237,1,3,0,6.74,.,.,.,.,.,.,11,7,2,0,0,844.7155978,0,0,16,52
237,1,6,0,0.78,.,.,.,.,.,.,11,7,2,0,0,2.179248298,0,0,16,52
238,2,0,0,13.19,0,0,0,0,0,0,11,7,2,0,0,532852.5376,0,1,17,1
238,2,1,0,13.51,.,.,.,.,.,.,11,7,2,0,0,735275.1045,0,1,17,1
238,2,2,0,14.05,.,.,.,.,.,.,11,7,2,0,0,1262999.493,0,1,17,1
238,2,3,0,14.73,.,.,.,.,.,.,11,7,2,0,0,2493006.575,0,1,17,1
238,2,6,0,17.03,.,.,.,.,.,.,11,7,2,0,0,24915483.61,0,1,17,1
239,2,0,0,13.19,0.002,0,0,0,0,0,11,7,2,0,0,532852.5376,0,0,18,9
239,2,1,0,12.94,.,.,.,.,.,.,11,7,2,0,0,417901.0663,0,0,18,9
239,2,2,0,12.76,.,.,.,.,.,.,11,7,2,0,0,346625.4219,0,0,18,9
239,2,3,0,12.62,.,.,.,.,.,.,11,7,2,0,0,303155.1501,0,0,18,9
239,2,6,0,12.43,.,.,.,.,.,.,11,7,2,0,0,250947.7427,0,0,18,9
240,2,0,0,13.19,0.125,0,0,0,0,0,11,7,2,0,0,532852.5376,0,0,19,12
240,2,1,0,11.68,.,.,.,.,.,.,11,7,2,0,0,117948.1028,0,0,19,12
240,2,2,0,10.28,.,.,.,.,.,.,11,7,2,0,0,29202.21963,0,0,19,12
240,2,3,0,8.98,.,.,.,.,.,.,11,7,2,0,0,7922.008095,0,0,19,12
240,2,6,0,5.35,.,.,.,.,.,.,11,7,2,0,0,210.9666365,0,0,19,12
241,2,0,0,13.19,8,0,0,0,0,0,11,7,2,0,0,532852.5376,0,0,20,15
241,2,1,0,11.21,.,.,.,.,.,.,11,7,2,0,0,74161.46836,0,0,20,15
241,2,2,0,9.24,.,.,.,.,.,.,11,7,2,0,0,10311.34475,0,0,20,15
241,2,3,0,7.27,.,.,.,.,.,.,11,7,2,0,0,1434.25381,0,0,20,15
241,2,6,0,1.35,.,.,.,.,.,.,11,7,2,0,0,3.861671033,0,0,20,15
242,2,0,0,13.19,0,0,0.008,0,0,0,11,7,2,0,0,532852.5376,0,0,21,34
242,2,1,0,13.50,.,.,.,.,.,.,11,7,2,0,0,725778.3905,0,0,21,34
242,2,2,0,14.04,.,.,.,.,.,.,11,7,2,0,0,1246686.762,0,0,21,34
242,2,3,0,14.72,.,.,.,.,.,.,11,7,2,0,0,2473142.087,0,0,21,34
242,2,6,0,17.03,.,.,.,.,.,.,11,7,2,0,0,24865702.44,0,0,21,34
243,2,0,0,13.19,0,0,0.5,0,0,0,11,7,2,0,0,532852.5376,0,0,22,20
243,2,1,0,12.69,.,.,.,.,.,.,11,7,2,0,0,324162.4312,0,0,22,20
243,2,2,0,12.93,.,.,.,.,.,.,11,7,2,0,0,414156.831,0,0,22,20
243,2,3,0,13.26,.,.,.,.,.,.,11,7,2,0,0,573779.2388,0,0,22,20
243,2,6,0,14.25,.,.,.,.,.,.,11,7,2,0,0,1538010.106,0,0,22,20
244,2,0,0,13.19,0,0,32,0,0,0,11,7,2,0,0,532852.5376,0,0,23,23
244,2,1,0,10.84,.,.,.,.,.,.,11,7,2,0,0,50919.4372,0,0,23,23
244,2,2,0,9.43,.,.,.,.,.,.,11,7,2,0,0,12394.39955,0,0,23,23
244,2,3,0,8.01,.,.,.,.,.,.,11,7,2,0,0,3010.31499,0,0,23,23
244,2,6,0,3.75,.,.,.,.,.,.,11,7,2,0,0,42.71712954,0,0,23,23
245,2,0,0,13.19,0.002,0,0.008,0,0,0,11,7,2,0,0,532852.5376,0,0,24,44
245,2,1,0,12.81,.,.,.,.,.,.,11,7,2,0,0,366223.8363,0,0,24,44
245,2,2,0,12.45,.,.,.,.,.,.,11,7,2,0,0,253977.2563,0,0,24,44
245,2,3,0,12.09,.,.,.,.,.,.,11,7,2,0,0,177371.2017,0,0,24,44
245,2,6,0,11.05,.,.,.,.,.,.,11,7,2,0,0,63196.23465,0,0,24,44
246,2,0,0,13.19,0.002,0,0.5,0,0,0,11,7,2,0,0,532852.5376,0,0,25,45
246,2,1,0,12.54,.,.,.,.,.,.,11,7,2,0,0,280127.462,0,0,25,45
246,2,2,0,12.09,.,.,.,.,.,.,11,7,2,0,0,177726.299,0,0,25,45
246,2,3,0,11.71,.,.,.,.,.,.,11,7,2,0,0,122149.3799,0,0,25,45
246,2,6,0,10.69,.,.,.,.,.,.,11,7,2,0,0,44090.51681,0,0,25,45
247,2,0,0,13.19,0.002,0,32,0,0,0,11,7,2,0,0,532852.5376,0,0,26,46
247,2,1,0,11.05,.,.,.,.,.,.,11,7,2,0,0,62692.68167,0,0,26,46
247,2,2,0,8.98,.,.,.,.,.,.,11,7,2,0,0,7964.106199,0,0,26,46
247,2,3,0,6.98,.,.,.,.,.,.,11,7,2,0,0,1080.198392,0,0,26,46
247,2,6,0,3.09,.,.,.,.,.,.,11,7,2,0,0,21.90905452,0,0,26,46
248,2,0,0,13.19,0.125,0,0.008,0,0,0,11,7,2,0,0,532852.5376,0,0,27,47
248,2,1,0,11.67,.,.,.,.,.,.,11,7,2,0,0,116774.4996,0,0,27,47
248,2,2,0,10.17,.,.,.,.,.,.,11,7,2,0,0,26029.8699,0,0,27,47
248,2,3,0,8.69,.,.,.,.,.,.,11,7,2,0,0,5914.723324,0,0,27,47
248,2,6,0,4.38,.,.,.,.,.,.,11,7,2,0,0,79.48751776,0,0,27,47
249,2,0,0,13.19,0.125,0,0.5,0,0,0,11,7,2,0,0,532852.5376,0,0,28,48
249,2,1,0,11.18,.,.,.,.,.,.,11,7,2,0,0,71754.08028,0,0,28,48
249,2,2,0,9.44,.,.,.,.,.,.,11,7,2,0,0,12632.14456,0,0,28,48
249,2,3,0,7.79,.,.,.,.,.,.,11,7,2,0,0,2405.228047,0,0,28,48
249,2,6,0,3.07,.,.,.,.,.,.,11,7,2,0,0,21.44303749,0,0,28,48
250,2,0,0,13.19,0.125,0,32,0,0,0,11,7,2,0,0,532852.5376,0,0,29,49
250,2,1,0,11.16,.,.,.,.,.,.,11,7,2,0,0,70122.57071,0,0,29,49
250,2,2,0,9.39,.,.,.,.,.,.,11,7,2,0,0,12011.26214,0,0,29,49
250,2,3,0,7.71,.,.,.,.,.,.,11,7,2,0,0,2226.530893,0,0,29,49
250,2,6,0,2.93,.,.,.,.,.,.,11,7,2,0,0,18.78014134,0,0,29,49
251,2,0,0,13.19,8,0,0.008,0,0,0,11,7,2,0,0,532852.5376,0,0,30,50
251,2,1,0,10.79,.,.,.,.,.,.,11,7,2,0,0,48678.85374,0,0,30,50
251,2,2,0,8.74,.,.,.,.,.,.,11,7,2,0,0,6223.576373,0,0,30,50
251,2,3,0,6.74,.,.,.,.,.,.,11,7,2,0,0,845.8144421,0,0,30,50
251,2,6,0,0.78,.,.,.,.,.,.,11,7,2,0,0,2.184659541,0,0,30,50
252,2,0,0,13.19,8,0,0.5,0,0,0,11,7,2,0,0,532852.5376,0,0,31,51
252,2,1,0,10.79,.,.,.,.,.,.,11,7,2,0,0,48678.85374,0,0,31,51
252,2,2,0,8.74,.,.,.,.,.,.,11,7,2,0,0,6222.954046,0,0,31,51
252,2,3,0,6.74,.,.,.,.,.,.,11,7,2,0,0,845.7298649,0,0,31,51
252,2,6,0,0.78,.,.,.,.,.,.,11,7,2,0,0,2.184572157,0,0,31,51
253,2,0,0,13.19,8,0,32,0,0,0,11,7,2,0,0,532852.5376,0,0,32,52
253,2,1,0,10.79,.,.,.,.,.,.,11,7,2,0,0,48630.19922,0,0,32,52
253,2,2,0,8.74,.,.,.,.,.,.,11,7,2,0,0,6217.977674,0,0,32,52
253,2,3,0,6.74,.,.,.,.,.,.,11,7,2,0,0,844.7155978,0,0,32,52
253,2,6,0,0.78,.,.,.,.,.,.,11,7,2,0,0,2.179248298,0,0,32,52
286,1,0,0,13.19,0,0,0,0,0,0,13,7,3,0,0,532852.5376,0,1,1,1
286,1,1,0,13.51,.,.,.,.,.,.,13,7,3,0,0,735275.1045,0,1,1,1
286,1,2,0,14.05,.,.,.,.,.,.,13,7,3,0,0,1262999.493,0,1,1,1
286,1,3,0,14.73,.,.,.,.,.,.,13,7,3,0,0,2493006.575,0,1,1,1
286,1,6,0,17.03,.,.,.,.,.,.,13,7,3,0,0,24915483.61,0,1,1,1
400,1,0,2,13.19,0.002,0,0,0,0,0,13,7,3,0,0,532852.5376,0,1,1,50
400,1,1,2,12.94,.,.,.,.,.,.,13,7,3,0,0,417901.0663,0,1,1,50
400,1,2,2,12.76,.,.,.,.,.,.,13,7,3,0,0,346625.4219,0,1,1,50
400,1,3,2,12.62,.,.,.,.,.,.,13,7,3,0,0,303155.1501,0,1,1,50
400,1,6,2,12.43,.,.,.,.,.,.,13,7,3,0,0,250947.7427,0,1,1,50
401,1,0,2,13.19,0.125,0,0,0,0,0,13,7,3,0,0,532852.5376,0,1,1,50
401,1,1,2,11.68,.,.,.,.,.,.,13,7,3,0,0,117948.1028,0,1,1,50
401,1,2,2,10.28,.,.,.,.,.,.,13,7,3,0,0,29202.21963,0,1,1,50
401,1,3,2,8.98,.,.,.,.,.,.,13,7,3,0,0,7922.008095,0,1,1,50
401,1,6,2,5.35,.,.,.,.,.,.,13,7,3,0,0,210.9666365,0,1,1,50
402,1,0,2,13.19,0,0.01,0,0,0,0,13,7,3,0,0,532852.5376,0,1,1,50
402,1,1,2,13.23,.,.,.,.,.,.,13,7,3,0,0,558494.4723,0,1,1,50
402,1,2,2,13.76,.,.,.,.,.,.,13,7,3,0,0,947895.9331,0,1,1,50
402,1,3,2,14.44,.,.,.,.,.,.,13,7,3,0,0,1859838.102,0,1,1,50
402,1,6,2,16.64,.,.,.,.,.,.,13,7,3,0,0,16768287.3,0,1,1,50
403,1,0,2,13.19,0,0.63,0,0,0,0,13,7,3,0,0,532852.5376,0,1,1,50
403,1,1,2,7.31,.,.,.,.,.,.,13,7,3,0,0,1502.371292,0,1,1,50
403,1,2,2,5.55,.,.,.,.,.,.,13,7,3,0,0,257.2118334,0,1,1,50
403,1,3,2,4.72,.,.,.,.,.,.,13,7,3,0,0,112.2467979,0,1,1,50
403,1,6,2,4.18,.,.,.,.,.,.,13,7,3,0,0,65.15050142,0,1,1,50
404,1,0,2,13.19,0,0,0.5,0,0,0,13,7,3,0,0,532852.5376,0,1,1,50
404,1,1,2,12.69,.,.,.,.,.,.,13,7,3,0,0,324162.4312,0,1,1,50
404,1,2,2,12.93,.,.,.,.,.,.,13,7,3,0,0,414156.831,0,1,1,50
404,1,3,2,13.26,.,.,.,.,.,.,13,7,3,0,0,573779.2388,0,1,1,50
404,1,6,2,14.25,.,.,.,.,.,.,13,7,3,0,0,1538010.106,0,1,1,50
405,1,0,2,13.19,0,0,32,0,0,0,13,7,3,0,0,532852.5376,0,1,1,50
405,1,1,2,10.84,.,.,.,.,.,.,13,7,3,0,0,50919.4372,0,1,1,50
405,1,2,2,9.43,.,.,.,.,.,.,13,7,3,0,0,12394.39955,0,1,1,50
405,1,3,2,8.01,.,.,.,.,.,.,13,7,3,0,0,3010.31499,0,1,1,50
405,1,6,2,3.75,.,.,.,.,.,.,13,7,3,0,0,42.71712954,0,1,1,50
801,1,0,2,13.19,2,10,8,0,0,0,13,7,3,0,0,532852.5376,0,1,1,801
801,1,1,2,6.70,.,.,.,.,.,.,13,7,3,0,0,813.6253483,0,1,1,801
801,1,2,2,3.83,.,.,.,.,.,.,13,7,3,0,0,46.19169408,0,1,1,801
801,1,3,2,1.44,.,.,.,.,.,.,13,7,3,0,0,4.23041459,0,1,1,801
801,1,6,2,-5.08,.,.,.,.,.,.,13,7,3,0,0,0.006232361,0,1,1,801
293,1,0,0,13.19,0.002,0.63,0,0,0,0,13,7,3,0,0,532852.5376,0,0,8,28
293,1,1,0,7.85,.,.,.,.,.,.,13,7,3,0,0,2570.356798,0,0,8,28
293,1,2,0,6.40,.,.,.,.,.,.,13,7,3,0,0,604.4989905,0,0,8,28
293,1,3,0,5.62,.,.,.,.,.,.,13,7,3,0,0,275.3381559,0,0,8,28
293,1,6,0,4.28,.,.,.,.,.,.,13,7,3,0,0,72.19710874,0,0,8,28
294,1,0,0,13.19,0.125,0.63,0,0,0,0,13,7,3,0,0,532852.5376,0,0,9,29
294,1,1,0,8.58,.,.,.,.,.,.,13,7,3,0,0,5339.033911,0,0,9,29
294,1,2,0,6.67,.,.,.,.,.,.,13,7,3,0,0,790.843423,0,0,9,29
294,1,3,0,4.93,.,.,.,.,.,.,13,7,3,0,0,137.8133178,0,0,9,29
294,1,6,0,0.44,.,.,.,.,.,.,13,7,3,0,0,1.555535719,0,0,9,29
295,1,0,0,13.19,0.002,0.63,0.5,0,0,0,13,7,3,0,0,532852.5376,0,0,10,57
295,1,1,0,7.73,.,.,.,.,.,.,13,7,3,0,0,2286.094084,0,0,10,57
295,1,2,0,6.23,.,.,.,.,.,.,13,7,3,0,0,508.466839,0,0,10,57
295,1,3,0,5.46,.,.,.,.,.,.,13,7,3,0,0,234.0652681,0,0,10,57
295,1,6,0,4.27,.,.,.,.,.,.,13,7,3,0,0,71.64332581,0,0,10,57
296,1,0,0,13.19,0.125,0.63,0.5,0,0,0,13,7,3,0,0,532852.5376,0,0,11,58
296,1,1,0,7.93,.,.,.,.,.,.,13,7,3,0,0,2791.683227,0,0,11,58
296,1,2,0,6.04,.,.,.,.,.,.,13,7,3,0,0,420.397209,0,0,11,58
296,1,3,0,4.51,.,.,.,.,.,.,13,7,3,0,0,90.68572883,0,0,11,58
296,1,6,0,0.67,.,.,.,.,.,.,13,7,3,0,0,1.946883716,0,0,11,58
297,1,0,0,13.19,0.002,0.63,32,0,0,0,13,7,3,0,0,532852.5376,0,0,12,59
297,1,1,0,7.78,.,.,.,.,.,.,13,7,3,0,0,2391.557246,0,0,12,59
297,1,2,0,6.19,.,.,.,.,.,.,13,7,3,0,0,487.8461062,0,0,12,59
297,1,3,0,5.38,.,.,.,.,.,.,13,7,3,0,0,215.9398723,0,0,12,59
297,1,6,0,4.14,.,.,.,.,.,.,13,7,3,0,0,62.5333491,0,0,12,59
298,1,0,0,13.19,0.125,0.63,32,0,0,0,13,7,3,0,0,532852.5376,0,0,13,60
298,1,1,0,7.94,.,.,.,.,.,.,13,7,3,0,0,2793.917467,0,0,13,60
298,1,2,0,6.04,.,.,.,.,.,.,13,7,3,0,0,420.69159,0,0,13,60
298,1,3,0,4.51,.,.,.,.,.,.,13,7,3,0,0,90.72201038,0,0,13,60
298,1,6,0,0.67,.,.,.,.,.,.,13,7,3,0,0,1.945404647,0,0,13,60
299,1,0,0,13.19,0,0.01,0.5,0,0,0,13,7,3,0,0,532852.5376,0,0,14,36
299,1,1,0,12.71,.,.,.,.,.,.,13,7,3,0,0,330380.401,0,0,14,36
299,1,2,0,12.89,.,.,.,.,.,.,13,7,3,0,0,395141.8131,0,0,14,36
299,1,3,0,13.18,.,.,.,.,.,.,13,7,3,0,0,528078.3807,0,0,14,36
299,1,6,0,14.11,.,.,.,.,.,.,13,7,3,0,0,1337081.752,0,0,14,36
300,1,0,0,13.19,0,0.01,32,0,0,0,13,7,3,0,0,532852.5376,0,0,15,37
300,1,1,0,10.83,.,.,.,.,.,.,13,7,3,0,0,50312.05553,0,0,15,37
300,1,2,0,9.40,.,.,.,.,.,.,13,7,3,0,0,12121.06346,0,0,15,37
300,1,3,0,7.98,.,.,.,.,.,.,13,7,3,0,0,2919.010593,0,0,15,37
300,1,6,0,3.70,.,.,.,.,.,.,13,7,3,0,0,40.63785413,0,0,15,37
301,1,0,0,13.19,0,0.63,0.5,0,0,0,13,7,3,0,0,532852.5376,0,0,16,39
301,1,1,0,7.74,.,.,.,.,.,.,13,7,3,0,0,2306.531131,0,0,16,39
301,1,2,0,6.39,.,.,.,.,.,.,13,7,3,0,0,594.0716886,0,0,16,39
301,1,3,0,5.93,.,.,.,.,.,.,13,7,3,0,0,376.9452683,0,0,16,39
301,1,6,0,6.05,.,.,.,.,.,.,13,7,3,0,0,425.7277255,0,0,16,39
302,1,0,0,13.19,0,0.63,32,0,0,0,13,7,3,0,0,532852.5376,0,0,17,40
302,1,1,0,7.72,.,.,.,.,.,.,13,7,3,0,0,2253.860945,0,0,17,40
302,1,2,0,5.85,.,.,.,.,.,.,13,7,3,0,0,347.3385664,0,0,17,40
302,1,3,0,4.30,.,.,.,.,.,.,13,7,3,0,0,73.68505521,0,0,17,40
302,1,6,0,1.23,.,.,.,.,.,.,13,7,3,0,0,3.437003444,0,0,17,40
303,1,0,0,13.19,0.002,0,0.5,0,0,0,13,7,3,0,0,532852.5376,0,0,18,45
303,1,1,0,12.54,.,.,.,.,.,.,13,7,3,0,0,280127.462,0,0,18,45
303,1,2,0,12.09,.,.,.,.,.,.,13,7,3,0,0,177726.299,0,0,18,45
303,1,3,0,11.71,.,.,.,.,.,.,13,7,3,0,0,122149.3799,0,0,18,45
303,1,6,0,10.69,.,.,.,.,.,.,13,7,3,0,0,44090.51681,0,0,18,45
304,1,0,0,13.19,0.002,0,32,0,0,0,13,7,3,0,0,532852.5376,0,0,19,46
304,1,1,0,11.05,.,.,.,.,.,.,13,7,3,0,0,62692.68167,0,0,19,46
304,1,2,0,8.98,.,.,.,.,.,.,13,7,3,0,0,7964.106199,0,0,19,46
304,1,3,0,6.98,.,.,.,.,.,.,13,7,3,0,0,1080.198392,0,0,19,46
304,1,6,0,3.09,.,.,.,.,.,.,13,7,3,0,0,21.90905452,0,0,19,46
305,1,0,0,13.19,0.125,0,0.5,0,0,0,13,7,3,0,0,532852.5376,0,0,20,48
305,1,1,0,11.18,.,.,.,.,.,.,13,7,3,0,0,71754.08028,0,0,20,48
305,1,2,0,9.44,.,.,.,.,.,.,13,7,3,0,0,12632.14456,0,0,20,48
305,1,3,0,7.79,.,.,.,.,.,.,13,7,3,0,0,2405.228047,0,0,20,48
305,1,6,0,3.07,.,.,.,.,.,.,13,7,3,0,0,21.44303749,0,0,20,48
306,1,0,0,13.19,0.125,0,32,0,0,0,13,7,3,0,0,532852.5376,0,0,21,49
306,1,1,0,11.16,.,.,.,.,.,.,13,7,3,0,0,70122.57071,0,0,21,49
306,1,2,0,9.39,.,.,.,.,.,.,13,7,3,0,0,12011.26214,0,0,21,49
306,1,3,0,7.71,.,.,.,.,.,.,13,7,3,0,0,2226.530893,0,0,21,49
306,1,6,0,2.93,.,.,.,.,.,.,13,7,3,0,0,18.78014134,0,0,21,49
307,2,0,0,13.19,0,0,0,0,0,0,13,7,3,0,0,532852.5376,0,1,22,1
307,2,1,0,13.51,.,.,.,.,.,.,13,7,3,0,0,735275.1045,0,1,22,1
307,2,2,0,14.05,.,.,.,.,.,.,13,7,3,0,0,1262999.493,0,1,22,1
307,2,3,0,14.73,.,.,.,.,.,.,13,7,3,0,0,2493006.575,0,1,22,1
307,2,6,0,17.03,.,.,.,.,.,.,13,7,3,0,0,24915483.61,0,1,22,1
308,2,0,0,13.19,0.002,0.01,0,0,0,0,13,7,3,0,0,532852.5376,0,0,23,25
308,2,1,0,12.70,.,.,.,.,.,.,13,7,3,0,0,328732.6219,0,0,23,25
308,2,2,0,12.40,.,.,.,.,.,.,13,7,3,0,0,242801.6175,0,0,23,25
308,2,3,0,12.18,.,.,.,.,.,.,13,7,3,0,0,195242.9579,0,0,23,25
308,2,6,0,11.78,.,.,.,.,.,.,13,7,3,0,0,129962.3406,0,0,23,25
309,2,0,0,13.19,0.125,0.01,0,0,0,0,13,7,3,0,0,532852.5376,0,0,24,26
309,2,1,0,11.41,.,.,.,.,.,.,13,7,3,0,0,90039.16308,0,0,24,26
309,2,2,0,9.68,.,.,.,.,.,.,13,7,3,0,0,16073.06229,0,0,24,26
309,2,3,0,8.00,.,.,.,.,.,.,13,7,3,0,0,2972.920256,0,0,24,26
309,2,6,0,3.26,.,.,.,.,.,.,13,7,3,0,0,25.94295269,0,0,24,26
310,2,0,0,13.19,0.002,0.01,0.5,0,0,0,13,7,3,0,0,532852.5376,0,0,25,53
310,2,1,0,12.16,.,.,.,.,.,.,13,7,3,0,0,191760.0251,0,0,25,53
310,2,2,0,11.44,.,.,.,.,.,.,13,7,3,0,0,93246.33185,0,0,25,53
310,2,3,0,10.91,.,.,.,.,.,.,13,7,3,0,0,54720.8453,0,0,25,53
310,2,6,0,9.73,.,.,.,.,.,.,13,7,3,0,0,16791.02842,0,0,25,53
311,2,0,0,13.19,0.125,0.01,0.5,0,0,0,13,7,3,0,0,532852.5376,0,0,26,54
311,2,1,0,11.24,.,.,.,.,.,.,13,7,3,0,0,76114.95178,0,0,26,54
311,2,2,0,9.68,.,.,.,.,.,.,13,7,3,0,0,16032.92982,0,0,26,54
311,2,3,0,8.20,.,.,.,.,.,.,13,7,3,0,0,3656.274457,0,0,26,54
311,2,6,0,3.87,.,.,.,.,.,.,13,7,3,0,0,47.78443697,0,0,26,54
312,2,0,0,13.19,0.002,0.01,32,0,0,0,13,7,3,0,0,532852.5376,0,0,27,55
312,2,1,0,11.28,.,.,.,.,.,.,13,7,3,0,0,79221.26189,0,0,27,55
312,2,2,0,9.73,.,.,.,.,.,.,13,7,3,0,0,16792.7076,0,0,27,55
312,2,3,0,8.38,.,.,.,.,.,.,13,7,3,0,0,4346.820773,0,0,27,55
312,2,6,0,4.97,.,.,.,.,.,.,13,7,3,0,0,144.0268874,0,0,27,55
313,2,0,0,13.19,0.125,0.01,32,0,0,0,13,7,3,0,0,532852.5376,0,0,28,56
313,2,1,0,11.24,.,.,.,.,.,.,13,7,3,0,0,76267.33402,0,0,28,56
313,2,2,0,9.66,.,.,.,.,.,.,13,7,3,0,0,15685.62552,0,0,28,56
313,2,3,0,8.17,.,.,.,.,.,.,13,7,3,0,0,3516.072927,0,0,28,56
313,2,6,0,3.79,.,.,.,.,.,.,13,7,3,0,0,44.34500165,0,0,28,56
314,2,0,0,13.19,0.002,0.63,0,0,0,0,13,7,3,0,0,532852.5376,0,0,29,28
314,2,1,0,7.85,.,.,.,.,.,.,13,7,3,0,0,2570.356798,0,0,29,28
314,2,2,0,6.40,.,.,.,.,.,.,13,7,3,0,0,604.4989905,0,0,29,28
314,2,3,0,5.62,.,.,.,.,.,.,13,7,3,0,0,275.3381559,0,0,29,28
314,2,6,0,4.28,.,.,.,.,.,.,13,7,3,0,0,72.19710874,0,0,29,28
315,2,0,0,13.19,0.125,0.63,0,0,0,0,13,7,3,0,0,532852.5376,0,0,30,29
315,2,1,0,8.58,.,.,.,.,.,.,13,7,3,0,0,5339.033911,0,0,30,29
315,2,2,0,6.67,.,.,.,.,.,.,13,7,3,0,0,790.843423,0,0,30,29
315,2,3,0,4.93,.,.,.,.,.,.,13,7,3,0,0,137.8133178,0,0,30,29
315,2,6,0,0.44,.,.,.,.,.,.,13,7,3,0,0,1.555535719,0,0,30,29
316,2,0,0,13.19,0.002,0.63,0.5,0,0,0,13,7,3,0,0,532852.5376,0,0,31,57
316,2,1,0,7.73,.,.,.,.,.,.,13,7,3,0,0,2286.094084,0,0,31,57
316,2,2,0,6.23,.,.,.,.,.,.,13,7,3,0,0,508.466839,0,0,31,57
316,2,3,0,5.46,.,.,.,.,.,.,13,7,3,0,0,234.0652681,0,0,31,57
316,2,6,0,4.27,.,.,.,.,.,.,13,7,3,0,0,71.64332581,0,0,31,57
317,2,0,0,13.19,0.125,0.63,0.5,0,0,0,13,7,3,0,0,532852.5376,0,0,32,58
317,2,1,0,7.93,.,.,.,.,.,.,13,7,3,0,0,2791.683227,0,0,32,58
317,2,2,0,6.04,.,.,.,.,.,.,13,7,3,0,0,420.397209,0,0,32,58
317,2,3,0,4.51,.,.,.,.,.,.,13,7,3,0,0,90.68572883,0,0,32,58
317,2,6,0,0.67,.,.,.,.,.,.,13,7,3,0,0,1.946883716,0,0,32,58
318,2,0,0,13.19,0.002,0.63,32,0,0,0,13,7,3,0,0,532852.5376,0,0,33,59
318,2,1,0,7.78,.,.,.,.,.,.,13,7,3,0,0,2391.557246,0,0,33,59
318,2,2,0,6.19,.,.,.,.,.,.,13,7,3,0,0,487.8461062,0,0,33,59
318,2,3,0,5.38,.,.,.,.,.,.,13,7,3,0,0,215.9398723,0,0,33,59
318,2,6,0,4.14,.,.,.,.,.,.,13,7,3,0,0,62.5333491,0,0,33,59
319,2,0,0,13.19,0.125,0.63,32,0,0,0,13,7,3,0,0,532852.5376,0,0,34,60
319,2,1,0,7.94,.,.,.,.,.,.,13,7,3,0,0,2793.917467,0,0,34,60
319,2,2,0,6.04,.,.,.,.,.,.,13,7,3,0,0,420.69159,0,0,34,60
319,2,3,0,4.51,.,.,.,.,.,.,13,7,3,0,0,90.72201038,0,0,34,60
319,2,6,0,0.67,.,.,.,.,.,.,13,7,3,0,0,1.945404647,0,0,34,60
320,2,0,0,13.19,0,0.01,0.5,0,0,0,13,7,3,0,0,532852.5376,0,0,35,36
320,2,1,0,12.71,.,.,.,.,.,.,13,7,3,0,0,330380.401,0,0,35,36
320,2,2,0,12.89,.,.,.,.,.,.,13,7,3,0,0,395141.8131,0,0,35,36
320,2,3,0,13.18,.,.,.,.,.,.,13,7,3,0,0,528078.3807,0,0,35,36
320,2,6,0,14.11,.,.,.,.,.,.,13,7,3,0,0,1337081.752,0,0,35,36
321,2,0,0,13.19,0,0.01,32,0,0,0,13,7,3,0,0,532852.5376,0,0,36,37
321,2,1,0,10.83,.,.,.,.,.,.,13,7,3,0,0,50312.05553,0,0,36,37
321,2,2,0,9.40,.,.,.,.,.,.,13,7,3,0,0,12121.06346,0,0,36,37
321,2,3,0,7.98,.,.,.,.,.,.,13,7,3,0,0,2919.010593,0,0,36,37
321,2,6,0,3.70,.,.,.,.,.,.,13,7,3,0,0,40.63785413,0,0,36,37
322,2,0,0,13.19,0,0.63,0.5,0,0,0,13,7,3,0,0,532852.5376,0,0,37,39
322,2,1,0,7.74,.,.,.,.,.,.,13,7,3,0,0,2306.531131,0,0,37,39
322,2,2,0,6.39,.,.,.,.,.,.,13,7,3,0,0,594.0716886,0,0,37,39
322,2,3,0,5.93,.,.,.,.,.,.,13,7,3,0,0,376.9452683,0,0,37,39
322,2,6,0,6.05,.,.,.,.,.,.,13,7,3,0,0,425.7277255,0,0,37,39
323,2,0,0,13.19,0,0.63,32,0,0,0,13,7,3,0,0,532852.5376,0,0,38,40
323,2,1,0,7.72,.,.,.,.,.,.,13,7,3,0,0,2253.860945,0,0,38,40
323,2,2,0,5.85,.,.,.,.,.,.,13,7,3,0,0,347.3385664,0,0,38,40
323,2,3,0,4.30,.,.,.,.,.,.,13,7,3,0,0,73.68505521,0,0,38,40
323,2,6,0,1.23,.,.,.,.,.,.,13,7,3,0,0,3.437003444,0,0,38,40
324,2,0,0,13.19,0.002,0,0.5,0,0,0,13,7,3,0,0,532852.5376,0,0,39,45
324,2,1,0,12.54,.,.,.,.,.,.,13,7,3,0,0,280127.462,0,0,39,45
324,2,2,0,12.09,.,.,.,.,.,.,13,7,3,0,0,177726.299,0,0,39,45
324,2,3,0,11.71,.,.,.,.,.,.,13,7,3,0,0,122149.3799,0,0,39,45
324,2,6,0,10.69,.,.,.,.,.,.,13,7,3,0,0,44090.51681,0,0,39,45
325,2,0,0,13.19,0.002,0,32,0,0,0,13,7,3,0,0,532852.5376,0,0,40,46
325,2,1,0,11.05,.,.,.,.,.,.,13,7,3,0,0,62692.68167,0,0,40,46
325,2,2,0,8.98,.,.,.,.,.,.,13,7,3,0,0,7964.106199,0,0,40,46
325,2,3,0,6.98,.,.,.,.,.,.,13,7,3,0,0,1080.198392,0,0,40,46
325,2,6,0,3.09,.,.,.,.,.,.,13,7,3,0,0,21.90905452,0,0,40,46
326,2,0,0,13.19,0.125,0,0.5,0,0,0,13,7,3,0,0,532852.5376,0,0,41,48
326,2,1,0,11.18,.,.,.,.,.,.,13,7,3,0,0,71754.08028,0,0,41,48
326,2,2,0,9.44,.,.,.,.,.,.,13,7,3,0,0,12632.14456,0,0,41,48
326,2,3,0,7.79,.,.,.,.,.,.,13,7,3,0,0,2405.228047,0,0,41,48
326,2,6,0,3.07,.,.,.,.,.,.,13,7,3,0,0,21.44303749,0,0,41,48
327,2,0,0,13.19,0.125,0,32,0,0,0,13,7,3,0,0,532852.5376,0,0,42,49
327,2,1,0,11.16,.,.,.,.,.,.,13,7,3,0,0,70122.57071,0,0,42,49
327,2,2,0,9.39,.,.,.,.,.,.,13,7,3,0,0,12011.26214,0,0,42,49
327,2,3,0,7.71,.,.,.,.,.,.,13,7,3,0,0,2226.530893,0,0,42,49
327,2,6,0,2.93,.,.,.,.,.,.,13,7,3,0,0,18.78014134,0,0,42,49